FILENAME,RAW_DATA
Performance_yr.csv,"{
  ""col1"": ""26"",
  ""col2"": ""0.0""
}"
Performance_yr.csv,"{
  ""col1"": ""474"",
  ""col2"": ""4.0""
}"
Performance_yr.csv,"{
  ""col1"": ""29"",
  ""col2"": ""0.0""
}"
Performance_yr.csv,"{
  ""col1"": ""65"",
  ""col2"": ""5.0""
}"
Performance_yr.csv,"{
  ""col1"": ""418"",
  ""col2"": ""2.0""
}"
Performance_yr.csv,"{
  ""col1"": ""541"",
  ""col2"": ""3.0""
}"
Performance_yr.csv,"{
  ""col1"": ""558"",
  ""col2"": ""1.0""
}"
Performance_yr.csv,"{
  ""col1"": ""191"",
  ""col2"": ""1.0""
}"
Performance_yr.csv,"{
  ""col1"": ""270"",
  ""col2"": ""1.0""
}"
Performance_yr.csv,"{
  ""col1"": ""293"",
  ""col2"": ""0.0""
}"
Performance_yr.csv,"{
  ""col1"": ""222"",
  ""col2"": ""3.0""
}"
Performance_yr.csv,"{
  ""col1"": ""442"",
  ""col2"": ""4.0""
}"
Performance_yr.csv,"{
  ""col1"": ""278"",
  ""col2"": ""1.0""
}"
Performance_yr.csv,"{
  ""col1"": ""243"",
  ""col2"": ""2.0""
}"
Performance_yr.csv,"{
  ""col1"": ""367"",
  ""col2"": ""5.0""
}"
Performance_yr.csv,"{
  ""col1"": ""54"",
  ""col2"": ""1.0""
}"
Performance_yr.csv,"{
  ""col1"": ""296"",
  ""col2"": ""1.0""
}"
Performance_yr.csv,"{
  ""col1"": ""19"",
  ""col2"": ""1.0""
}"
Performance_yr.csv,"{
  ""col1"": ""287"",
  ""col2"": ""2.0""
}"
Performance_yr.csv,"{
  ""col1"": ""277"",
  ""col2"": ""5.0""
}"
Performance_yr.csv,"{
  ""col1"": ""415"",
  ""col2"": ""5.0""
}"
Performance_yr.csv,"{
  ""col1"": ""348"",
  ""col2"": ""3.0""
}"
Performance_yr.csv,"{
  ""col1"": ""502"",
  ""col2"": ""1.0""
}"
Performance_yr.csv,"{
  ""col1"": ""167"",
  ""col2"": ""5.0""
}"
Performance_yr.csv,"{
  ""col1"": ""113"",
  ""col2"": ""5.0""
}"
Performance_yr.csv,"{
  ""col1"": ""385"",
  ""col2"": ""2.0""
}"
Performance_yr.csv,"{
  ""col1"": ""112"",
  ""col2"": ""4.0""
}"
Performance_yr.csv,"{
  ""col1"": ""155"",
  ""col2"": ""3.0""
}"
Performance_yr.csv,"{
  ""col1"": ""299"",
  ""col2"": ""1.0""
}"
Performance_yr.csv,"{
  ""col1"": ""564"",
  ""col2"": ""5.0""
}"
Performance_yr.csv,"{
  ""col1"": ""347"",
  ""col2"": ""5.0""
}"
Performance_yr.csv,"{
  ""col1"": ""588"",
  ""col2"": ""1.0""
}"
Performance_yr.csv,"{
  ""col1"": ""237"",
  ""col2"": ""0.0""
}"
Performance_yr.csv,"{
  ""col1"": ""241"",
  ""col2"": ""2.0""
}"
Performance_yr.csv,"{
  ""col1"": ""602"",
  ""col2"": ""5.0""
}"
Performance_yr.csv,"{
  ""col1"": ""530"",
  ""col2"": ""5.0""
}"
Performance_yr.csv,"{
  ""col1"": ""330"",
  ""col2"": ""4.0""
}"
Performance_yr.csv,"{
  ""col1"": ""198"",
  ""col2"": ""5.0""
}"
Performance_yr.csv,"{
  ""col1"": ""414"",
  ""col2"": ""3.0""
}"
Performance_yr.csv,"{
  ""col1"": ""22"",
  ""col2"": ""3.0""
}"
Performance_yr.csv,"{
  ""col1"": ""130"",
  ""col2"": ""3.0""
}"
Performance_yr.csv,"{
  ""col1"": ""427"",
  ""col2"": ""4.0""
}"
Performance_yr.csv,"{
  ""col1"": ""196"",
  ""col2"": ""0.0""
}"
Performance_yr.csv,"{
  ""col1"": ""487"",
  ""col2"": ""1.0""
}"
Performance_yr.csv,"{
  ""col1"": ""486"",
  ""col2"": ""1.0""
}"
Performance_yr.csv,"{
  ""col1"": ""7"",
  ""col2"": ""2.0""
}"
Performance_yr.csv,"{
  ""col1"": ""77"",
  ""col2"": ""5.0""
}"
Performance_yr.csv,"{
  ""col1"": ""635"",
  ""col2"": ""4.0""
}"
Performance_yr.csv,"{
  ""col1"": ""532"",
  ""col2"": ""5.0""
}"
Performance_yr.csv,"{
  ""col1"": ""34"",
  ""col2"": ""4.0""
}"
Performance_yr.csv,"{
  ""col1"": ""184"",
  ""col2"": ""5.0""
}"
Performance_yr.csv,"{
  ""col1"": ""463"",
  ""col2"": ""3.0""
}"
Performance_yr.csv,"{
  ""col1"": ""551"",
  ""col2"": ""3.0""
}"
Performance_yr.csv,"{
  ""col1"": ""188"",
  ""col2"": ""2.0""
}"
Performance_yr.csv,"{
  ""col1"": ""399"",
  ""col2"": ""1.0""
}"
Performance_yr.csv,"{
  ""col1"": ""274"",
  ""col2"": ""3.0""
}"
Performance_yr.csv,"{
  ""col1"": ""228"",
  ""col2"": ""1.0""
}"
Performance_yr.csv,"{
  ""col1"": ""529"",
  ""col2"": ""1.0""
}"
Performance_yr.csv,"{
  ""col1"": ""202"",
  ""col2"": ""0.0""
}"
Performance_yr.csv,"{
  ""col1"": ""126"",
  ""col2"": ""0.0""
}"
Performance_yr.csv,"{
  ""col1"": ""406"",
  ""col2"": ""2.0""
}"
Performance_yr.csv,"{
  ""col1"": ""325"",
  ""col2"": ""2.0""
}"
Performance_yr.csv,"{
  ""col1"": ""624"",
  ""col2"": ""4.0""
}"
Performance_yr.csv,"{
  ""col1"": ""262"",
  ""col2"": ""1.0""
}"
Performance_yr.csv,"{
  ""col1"": ""570"",
  ""col2"": ""2.0""
}"
Performance_yr.csv,"{
  ""col1"": ""94"",
  ""col2"": ""5.0""
}"
Performance_yr.csv,"{
  ""col1"": ""149"",
  ""col2"": ""3.0""
}"
Performance_yr.csv,"{
  ""col1"": ""50"",
  ""col2"": ""5.0""
}"
Performance_yr.csv,"{
  ""col1"": ""421"",
  ""col2"": ""2.0""
}"
Performance_yr.csv,"{
  ""col1"": ""638"",
  ""col2"": ""4.0""
}"
Performance_yr.csv,"{
  ""col1"": ""264"",
  ""col2"": ""4.0""
}"
Performance_yr.csv,"{
  ""col1"": ""600"",
  ""col2"": ""5.0""
}"
Performance_yr.csv,"{
  ""col1"": ""229"",
  ""col2"": ""3.0""
}"
Performance_yr.csv,"{
  ""col1"": ""650"",
  ""col2"": ""3.0""
}"
Performance_yr.csv,"{
  ""col1"": ""190"",
  ""col2"": ""2.0""
}"
Performance_yr.csv,"{
  ""col1"": ""629"",
  ""col2"": ""1.0""
}"
Performance_yr.csv,"{
  ""col1"": ""275"",
  ""col2"": ""0.0""
}"
Performance_yr.csv,"{
  ""col1"": ""439"",
  ""col2"": ""2.0""
}"
Performance_yr.csv,"{
  ""col1"": ""343"",
  ""col2"": ""0.0""
}"
Performance_yr.csv,"{
  ""col1"": ""110"",
  ""col2"": ""5.0""
}"
Performance_yr.csv,"{
  ""col1"": ""136"",
  ""col2"": ""5.0""
}"
Performance_yr.csv,"{
  ""col1"": ""513"",
  ""col2"": ""0.0""
}"
Performance_yr.csv,"{
  ""col1"": ""57"",
  ""col2"": ""2.0""
}"
Performance_yr.csv,"{
  ""col1"": ""417"",
  ""col2"": ""1.0""
}"
Performance_yr.csv,"{
  ""col1"": ""388"",
  ""col2"": ""0.0""
}"
Performance_yr.csv,"{
  ""col1"": ""412"",
  ""col2"": ""4.0""
}"
Performance_yr.csv,"{
  ""col1"": ""144"",
  ""col2"": ""5.0""
}"
Performance_yr.csv,"{
  ""col1"": ""420"",
  ""col2"": ""0.0""
}"
Performance_yr.csv,"{
  ""col1"": ""32"",
  ""col2"": ""1.0""
}"
Performance_yr.csv,"{
  ""col1"": ""43"",
  ""col2"": ""0.0""
}"
Performance_yr.csv,"{
  ""col1"": ""555"",
  ""col2"": ""4.0""
}"
Performance_yr.csv,"{
  ""col1"": ""378"",
  ""col2"": ""1.0""
}"
Performance_yr.csv,"{
  ""col1"": ""84"",
  ""col2"": ""4.0""
}"
Performance_yr.csv,"{
  ""col1"": ""212"",
  ""col2"": ""1.0""
}"
Performance_yr.csv,"{
  ""col1"": ""31"",
  ""col2"": ""3.0""
}"
Performance_yr.csv,"{
  ""col1"": ""376"",
  ""col2"": ""0.0""
}"
Performance_yr.csv,"{
  ""col1"": ""516"",
  ""col2"": ""1.0""
}"
Performance_yr.csv,"{
  ""col1"": ""395"",
  ""col2"": ""5.0""
}"
Performance_yr.csv,"{
  ""col1"": ""119"",
  ""col2"": ""0.0""
}"
Performance_yr.csv,"{
  ""col1"": ""326"",
  ""col2"": ""0.0""
}"
Performance_yr.csv,"{
  ""col1"": ""450"",
  ""col2"": ""3.0""
}"
Performance_yr.csv,"{
  ""col1"": ""596"",
  ""col2"": ""2.0""
}"
Performance_yr.csv,"{
  ""col1"": ""595"",
  ""col2"": ""5.0""
}"
Performance_yr.csv,"{
  ""col1"": ""386"",
  ""col2"": ""4.0""
}"
Performance_yr.csv,"{
  ""col1"": ""98"",
  ""col2"": ""3.0""
}"
Performance_yr.csv,"{
  ""col1"": ""187"",
  ""col2"": ""1.0""
}"
Performance_yr.csv,"{
  ""col1"": ""39"",
  ""col2"": ""3.0""
}"
Performance_yr.csv,"{
  ""col1"": ""561"",
  ""col2"": ""4.0""
}"
Performance_yr.csv,"{
  ""col1"": ""496"",
  ""col2"": ""2.0""
}"
Performance_yr.csv,"{
  ""col1"": ""402"",
  ""col2"": ""3.0""
}"
Performance_yr.csv,"{
  ""col1"": ""201"",
  ""col2"": ""3.0""
}"
Performance_yr.csv,"{
  ""col1"": ""232"",
  ""col2"": ""0.0""
}"
Performance_yr.csv,"{
  ""col1"": ""203"",
  ""col2"": ""3.0""
}"
Performance_yr.csv,"{
  ""col1"": ""488"",
  ""col2"": ""0.0""
}"
Performance_yr.csv,"{
  ""col1"": ""145"",
  ""col2"": ""1.0""
}"
Performance_yr.csv,"{
  ""col1"": ""116"",
  ""col2"": ""3.0""
}"
Performance_yr.csv,"{
  ""col1"": ""25"",
  ""col2"": ""1.0""
}"
Performance_yr.csv,"{
  ""col1"": ""157"",
  ""col2"": ""1.0""
}"
Performance_yr.csv,"{
  ""col1"": ""363"",
  ""col2"": ""2.0""
}"
Performance_yr.csv,"{
  ""col1"": ""181"",
  ""col2"": ""4.0""
}"
Performance_yr.csv,"{
  ""col1"": ""586"",
  ""col2"": ""3.0""
}"
Performance_yr.csv,"{
  ""col1"": ""124"",
  ""col2"": ""5.0""
}"
Performance_yr.csv,"{
  ""col1"": ""268"",
  ""col2"": ""3.0""
}"
Performance_yr.csv,"{
  ""col1"": ""589"",
  ""col2"": ""4.0""
}"
Performance_yr.csv,"{
  ""col1"": ""562"",
  ""col2"": ""4.0""
}"
Performance_yr.csv,"{
  ""col1"": ""95"",
  ""col2"": ""4.0""
}"
Performance_yr.csv,"{
  ""col1"": ""227"",
  ""col2"": ""2.0""
}"
Performance_yr.csv,"{
  ""col1"": ""455"",
  ""col2"": ""3.0""
}"
Performance_yr.csv,"{
  ""col1"": ""413"",
  ""col2"": ""3.0""
}"
Performance_yr.csv,"{
  ""col1"": ""369"",
  ""col2"": ""2.0""
}"
Performance_yr.csv,"{
  ""col1"": ""370"",
  ""col2"": ""4.0""
}"
Performance_yr.csv,"{
  ""col1"": ""642"",
  ""col2"": ""4.0""
}"
Performance_yr.csv,"{
  ""col1"": ""621"",
  ""col2"": ""1.0""
}"
Performance_yr.csv,"{
  ""col1"": ""71"",
  ""col2"": ""5.0""
}"
Performance_yr.csv,"{
  ""col1"": ""143"",
  ""col2"": ""2.0""
}"
Performance_yr.csv,"{
  ""col1"": ""193"",
  ""col2"": ""4.0""
}"
Performance_yr.csv,"{
  ""col1"": ""365"",
  ""col2"": ""4.0""
}"
Performance_yr.csv,"{
  ""col1"": ""161"",
  ""col2"": ""4.0""
}"
Performance_yr.csv,"{
  ""col1"": ""443"",
  ""col2"": ""5.0""
}"
Performance_yr.csv,"{
  ""col1"": ""342"",
  ""col2"": ""4.0""
}"
Performance_yr.csv,"{
  ""col1"": ""466"",
  ""col2"": ""2.0""
}"
Performance_yr.csv,"{
  ""col1"": ""68"",
  ""col2"": ""4.0""
}"
Performance_yr.csv,"{
  ""col1"": ""6"",
  ""col2"": ""0.0""
}"
Performance_yr.csv,"{
  ""col1"": ""87"",
  ""col2"": ""0.0""
}"
Performance_yr.csv,"{
  ""col1"": ""72"",
  ""col2"": ""0.0""
}"
Performance_yr.csv,"{
  ""col1"": ""215"",
  ""col2"": ""2.0""
}"
Performance_yr.csv,"{
  ""col1"": ""320"",
  ""col2"": ""5.0""
}"
Performance_yr.csv,"{
  ""col1"": ""58"",
  ""col2"": ""1.0""
}"
Performance_yr.csv,"{
  ""col1"": ""255"",
  ""col2"": ""5.0""
}"
Performance_yr.csv,"{
  ""col1"": ""258"",
  ""col2"": ""3.0""
}"
Performance_yr.csv,"{
  ""col1"": ""424"",
  ""col2"": ""1.0""
}"
Performance_yr.csv,"{
  ""col1"": ""107"",
  ""col2"": ""5.0""
}"
Performance_yr.csv,"{
  ""col1"": ""271"",
  ""col2"": ""0.0""
}"
Performance_yr.csv,"{
  ""col1"": ""221"",
  ""col2"": ""1.0""
}"
Performance_yr.csv,"{
  ""col1"": ""266"",
  ""col2"": ""1.0""
}"
Performance_yr.csv,"{
  ""col1"": ""9"",
  ""col2"": ""1.0""
}"
Performance_yr.csv,"{
  ""col1"": ""554"",
  ""col2"": ""5.0""
}"
Performance_yr.csv,"{
  ""col1"": ""316"",
  ""col2"": ""3.0""
}"
Performance_yr.csv,"{
  ""col1"": ""407"",
  ""col2"": ""0.0""
}"
Performance_yr.csv,"{
  ""col1"": ""158"",
  ""col2"": ""2.0""
}"
Performance_yr.csv,"{
  ""col1"": ""389"",
  ""col2"": ""5.0""
}"
Performance_yr.csv,"{
  ""col1"": ""27"",
  ""col2"": ""1.0""
}"
Performance_yr.csv,"{
  ""col1"": ""63"",
  ""col2"": ""2.0""
}"
Performance_yr.csv,"{
  ""col1"": ""397"",
  ""col2"": ""5.0""
}"
Performance_yr.csv,"{
  ""col1"": ""447"",
  ""col2"": ""1.0""
}"
Performance_yr.csv,"{
  ""col1"": ""51"",
  ""col2"": ""5.0""
}"
Performance_yr.csv,"{
  ""col1"": ""56"",
  ""col2"": ""1.0""
}"
Performance_yr.csv,"{
  ""col1"": ""353"",
  ""col2"": ""0.0""
}"
Performance_yr.csv,"{
  ""col1"": ""178"",
  ""col2"": ""4.0""
}"
Performance_yr.csv,"{
  ""col1"": ""341"",
  ""col2"": ""4.0""
}"
Performance_yr.csv,"{
  ""col1"": ""239"",
  ""col2"": ""5.0""
}"
Performance_yr.csv,"{
  ""col1"": ""234"",
  ""col2"": ""1.0""
}"
Performance_yr.csv,"{
  ""col1"": ""610"",
  ""col2"": ""0.0""
}"
Performance_yr.csv,"{
  ""col1"": ""150"",
  ""col2"": ""5.0""
}"
Performance_yr.csv,"{
  ""col1"": ""574"",
  ""col2"": ""4.0""
}"
Performance_yr.csv,"{
  ""col1"": ""279"",
  ""col2"": ""1.0""
}"
Performance_yr.csv,"{
  ""col1"": ""146"",
  ""col2"": ""4.0""
}"
Performance_yr.csv,"{
  ""col1"": ""52"",
  ""col2"": ""3.0""
}"
Performance_yr.csv,"{
  ""col1"": ""608"",
  ""col2"": ""3.0""
}"
Performance_yr.csv,"{
  ""col1"": ""546"",
  ""col2"": ""3.0""
}"
Performance_yr.csv,"{
  ""col1"": ""346"",
  ""col2"": ""3.0""
}"
Performance_yr.csv,"{
  ""col1"": ""577"",
  ""col2"": ""2.0""
}"
Performance_yr.csv,"{
  ""col1"": ""459"",
  ""col2"": ""2.0""
}"
Performance_yr.csv,"{
  ""col1"": ""585"",
  ""col2"": ""2.0""
}"
Performance_yr.csv,"{
  ""col1"": ""446"",
  ""col2"": ""5.0""
}"
Performance_yr.csv,"{
  ""col1"": ""174"",
  ""col2"": ""5.0""
}"
Performance_yr.csv,"{
  ""col1"": ""209"",
  ""col2"": ""4.0""
}"
Performance_yr.csv,"{
  ""col1"": ""17"",
  ""col2"": ""1.0""
}"
Performance_yr.csv,"{
  ""col1"": ""79"",
  ""col2"": ""3.0""
}"
Performance_yr.csv,"{
  ""col1"": ""170"",
  ""col2"": ""2.0""
}"
Performance_yr.csv,"{
  ""col1"": ""236"",
  ""col2"": ""0.0""
}"
Performance_yr.csv,"{
  ""col1"": ""103"",
  ""col2"": ""3.0""
}"
Performance_yr.csv,"{
  ""col1"": ""253"",
  ""col2"": ""1.0""
}"
Performance_yr.csv,"{
  ""col1"": ""509"",
  ""col2"": ""1.0""
}"
Performance_yr.csv,"{
  ""col1"": ""592"",
  ""col2"": ""4.0""
}"
Performance_yr.csv,"{
  ""col1"": ""276"",
  ""col2"": ""2.0""
}"
Performance_yr.csv,"{
  ""col1"": ""246"",
  ""col2"": ""4.0""
}"
Performance_yr.csv,"{
  ""col1"": ""139"",
  ""col2"": ""2.0""
}"
Performance_yr.csv,"{
  ""col1"": ""226"",
  ""col2"": ""3.0""
}"
Performance_yr.csv,"{
  ""col1"": ""453"",
  ""col2"": ""4.0""
}"
Performance_yr.csv,"{
  ""col1"": ""430"",
  ""col2"": ""5.0""
}"
Performance_yr.csv,"{
  ""col1"": ""242"",
  ""col2"": ""2.0""
}"
Performance_yr.csv,"{
  ""col1"": ""499"",
  ""col2"": ""0.0""
}"
Performance_yr.csv,"{
  ""col1"": ""41"",
  ""col2"": ""0.0""
}"
Performance_yr.csv,"{
  ""col1"": ""88"",
  ""col2"": ""0.0""
}"
Performance_yr.csv,"{
  ""col1"": ""248"",
  ""col2"": ""0.0""
}"
Performance_yr.csv,"{
  ""col1"": ""208"",
  ""col2"": ""5.0""
}"
Performance_yr.csv,"{
  ""col1"": ""257"",
  ""col2"": ""5.0""
}"
Performance_yr.csv,"{
  ""col1"": ""405"",
  ""col2"": ""1.0""
}"
Performance_yr.csv,"{
  ""col1"": ""519"",
  ""col2"": ""5.0""
}"
Performance_yr.csv,"{
  ""col1"": ""28"",
  ""col2"": ""3.0""
}"
Performance_yr.csv,"{
  ""col1"": ""384"",
  ""col2"": ""0.0""
}"
Performance_yr.csv,"{
  ""col1"": ""33"",
  ""col2"": ""3.0""
}"
Performance_yr.csv,"{
  ""col1"": ""138"",
  ""col2"": ""1.0""
}"
Performance_yr.csv,"{
  ""col1"": ""637"",
  ""col2"": ""0.0""
}"
Performance_yr.csv,"{
  ""col1"": ""511"",
  ""col2"": ""0.0""
}"
Performance_yr.csv,"{
  ""col1"": ""207"",
  ""col2"": ""2.0""
}"
Performance_yr.csv,"{
  ""col1"": ""498"",
  ""col2"": ""1.0""
}"
Performance_yr.csv,"{
  ""col1"": ""307"",
  ""col2"": ""0.0""
}"
Performance_yr.csv,"{
  ""col1"": ""304"",
  ""col2"": ""1.0""
}"
Performance_yr.csv,"{
  ""col1"": ""649"",
  ""col2"": ""1.0""
}"
Performance_yr.csv,"{
  ""col1"": ""235"",
  ""col2"": ""5.0""
}"
Performance_yr.csv,"{
  ""col1"": ""462"",
  ""col2"": ""1.0""
}"
Performance_yr.csv,"{
  ""col1"": ""114"",
  ""col2"": ""2.0""
}"
Performance_yr.csv,"{
  ""col1"": ""646"",
  ""col2"": ""5.0""
}"
Performance_yr.csv,"{
  ""col1"": ""434"",
  ""col2"": ""3.0""
}"
Performance_yr.csv,"{
  ""col1"": ""599"",
  ""col2"": ""1.0""
}"
Performance_yr.csv,"{
  ""col1"": ""5"",
  ""col2"": ""5.0""
}"
Performance_yr.csv,"{
  ""col1"": ""1"",
  ""col2"": ""5.0""
}"
Performance_yr.csv,"{
  ""col1"": ""539"",
  ""col2"": ""2.0""
}"
Performance_yr.csv,"{
  ""col1"": ""319"",
  ""col2"": ""1.0""
}"
Performance_yr.csv,"{
  ""col1"": ""404"",
  ""col2"": ""2.0""
}"
Performance_yr.csv,"{
  ""col1"": ""153"",
  ""col2"": ""1.0""
}"
Performance_yr.csv,"{
  ""col1"": ""115"",
  ""col2"": ""5.0""
}"
Performance_yr.csv,"{
  ""col1"": ""377"",
  ""col2"": ""2.0""
}"
Performance_yr.csv,"{
  ""col1"": ""96"",
  ""col2"": ""5.0""
}"
Performance_yr.csv,"{
  ""col1"": ""250"",
  ""col2"": ""4.0""
}"
Performance_yr.csv,"{
  ""col1"": ""328"",
  ""col2"": ""0.0""
}"
Performance_yr.csv,"{
  ""col1"": ""185"",
  ""col2"": ""4.0""
}"
Performance_yr.csv,"{
  ""col1"": ""375"",
  ""col2"": ""5.0""
}"
Performance_yr.csv,"{
  ""col1"": ""349"",
  ""col2"": ""5.0""
}"
Performance_yr.csv,"{
  ""col1"": ""632"",
  ""col2"": ""0.0""
}"
Performance_yr.csv,"{
  ""col1"": ""515"",
  ""col2"": ""2.0""
}"
Performance_yr.csv,"{
  ""col1"": ""368"",
  ""col2"": ""2.0""
}"
Performance_yr.csv,"{
  ""col1"": ""623"",
  ""col2"": ""1.0""
}"
Performance_yr.csv,"{
  ""col1"": ""104"",
  ""col2"": ""2.0""
}"
Performance_yr.csv,"{
  ""col1"": ""219"",
  ""col2"": ""1.0""
}"
Performance_yr.csv,"{
  ""col1"": ""214"",
  ""col2"": ""0.0""
}"
Performance_yr.csv,"{
  ""col1"": ""538"",
  ""col2"": ""0.0""
}"
Performance_yr.csv,"{
  ""col1"": ""449"",
  ""col2"": ""4.0""
}"
Performance_yr.csv,"{
  ""col1"": ""461"",
  ""col2"": ""2.0""
}"
Performance_yr.csv,"{
  ""col1"": ""556"",
  ""col2"": ""3.0""
}"
Performance_yr.csv,"{
  ""col1"": ""419"",
  ""col2"": ""2.0""
}"
Performance_yr.csv,"{
  ""col1"": ""252"",
  ""col2"": ""0.0""
}"
Performance_yr.csv,"{
  ""col1"": ""593"",
  ""col2"": ""5.0""
}"
Performance_yr.csv,"{
  ""col1"": ""423"",
  ""col2"": ""0.0""
}"
Performance_yr.csv,"{
  ""col1"": ""120"",
  ""col2"": ""0.0""
}"
Performance_yr.csv,"{
  ""col1"": ""500"",
  ""col2"": ""4.0""
}"
Performance_yr.csv,"{
  ""col1"": ""10"",
  ""col2"": ""1.0""
}"
Performance_yr.csv,"{
  ""col1"": ""485"",
  ""col2"": ""0.0""
}"
Performance_yr.csv,"{
  ""col1"": ""89"",
  ""col2"": ""1.0""
}"
Performance_yr.csv,"{
  ""col1"": ""521"",
  ""col2"": ""3.0""
}"
Performance_yr.csv,"{
  ""col1"": ""550"",
  ""col2"": ""0.0""
}"
Performance_yr.csv,"{
  ""col1"": ""644"",
  ""col2"": ""1.0""
}"
Performance_yr.csv,"{
  ""col1"": ""361"",
  ""col2"": ""4.0""
}"
Performance_yr.csv,"{
  ""col1"": ""537"",
  ""col2"": ""5.0""
}"
Performance_yr.csv,"{
  ""col1"": ""364"",
  ""col2"": ""1.0""
}"
Performance_yr.csv,"{
  ""col1"": ""452"",
  ""col2"": ""0.0""
}"
Performance_yr.csv,"{
  ""col1"": ""501"",
  ""col2"": ""0.0""
}"
Performance_yr.csv,"{
  ""col1"": ""490"",
  ""col2"": ""5.0""
}"
Performance_yr.csv,"{
  ""col1"": ""403"",
  ""col2"": ""0.0""
}"
Performance_yr.csv,"{
  ""col1"": ""356"",
  ""col2"": ""1.0""
}"
Performance_yr.csv,"{
  ""col1"": ""128"",
  ""col2"": ""3.0""
}"
Performance_yr.csv,"{
  ""col1"": ""497"",
  ""col2"": ""4.0""
}"
Performance_yr.csv,"{
  ""col1"": ""197"",
  ""col2"": ""5.0""
}"
Performance_yr.csv,"{
  ""col1"": ""464"",
  ""col2"": ""2.0""
}"
Performance_yr.csv,"{
  ""col1"": ""332"",
  ""col2"": ""4.0""
}"
Performance_yr.csv,"{
  ""col1"": ""106"",
  ""col2"": ""5.0""
}"
Performance_yr.csv,"{
  ""col1"": ""111"",
  ""col2"": ""4.0""
}"
Performance_yr.csv,"{
  ""col1"": ""85"",
  ""col2"": ""2.0""
}"
Performance_yr.csv,"{
  ""col1"": ""575"",
  ""col2"": ""3.0""
}"
Performance_yr.csv,"{
  ""col1"": ""301"",
  ""col2"": ""2.0""
}"
Performance_yr.csv,"{
  ""col1"": ""548"",
  ""col2"": ""3.0""
}"
Performance_yr.csv,"{
  ""col1"": ""411"",
  ""col2"": ""1.0""
}"
Performance_yr.csv,"{
  ""col1"": ""177"",
  ""col2"": ""1.0""
}"
Performance_yr.csv,"{
  ""col1"": ""460"",
  ""col2"": ""5.0""
}"
Performance_yr.csv,"{
  ""col1"": ""306"",
  ""col2"": ""3.0""
}"
Performance_yr.csv,"{
  ""col1"": ""179"",
  ""col2"": ""0.0""
}"
Performance_yr.csv,"{
  ""col1"": ""557"",
  ""col2"": ""5.0""
}"
Performance_yr.csv,"{
  ""col1"": ""563"",
  ""col2"": ""0.0""
}"
Performance_yr.csv,"{
  ""col1"": ""441"",
  ""col2"": ""3.0""
}"
Performance_yr.csv,"{
  ""col1"": ""448"",
  ""col2"": ""5.0""
}"
Performance_yr.csv,"{
  ""col1"": ""67"",
  ""col2"": ""0.0""
}"
Performance_yr.csv,"{
  ""col1"": ""224"",
  ""col2"": ""4.0""
}"
Performance_yr.csv,"{
  ""col1"": ""48"",
  ""col2"": ""5.0""
}"
Performance_yr.csv,"{
  ""col1"": ""517"",
  ""col2"": ""1.0""
}"
Performance_yr.csv,"{
  ""col1"": ""142"",
  ""col2"": ""0.0""
}"
Performance_yr.csv,"{
  ""col1"": ""324"",
  ""col2"": ""1.0""
}"
Performance_yr.csv,"{
  ""col1"": ""481"",
  ""col2"": ""0.0""
}"
Performance_yr.csv,"{
  ""col1"": ""168"",
  ""col2"": ""1.0""
}"
Performance_yr.csv,"{
  ""col1"": ""254"",
  ""col2"": ""4.0""
}"
Performance_yr.csv,"{
  ""col1"": ""247"",
  ""col2"": ""4.0""
}"
Performance_yr.csv,"{
  ""col1"": ""528"",
  ""col2"": ""3.0""
}"
Performance_yr.csv,"{
  ""col1"": ""100"",
  ""col2"": ""5.0""
}"
Performance_yr.csv,"{
  ""col1"": ""467"",
  ""col2"": ""2.0""
}"
Performance_yr.csv,"{
  ""col1"": ""105"",
  ""col2"": ""0.0""
}"
Performance_yr.csv,"{
  ""col1"": ""131"",
  ""col2"": ""1.0""
}"
Performance_yr.csv,"{
  ""col1"": ""581"",
  ""col2"": ""3.0""
}"
Performance_yr.csv,"{
  ""col1"": ""318"",
  ""col2"": ""5.0""
}"
Performance_yr.csv,"{
  ""col1"": ""294"",
  ""col2"": ""4.0""
}"
Performance_yr.csv,"{
  ""col1"": ""451"",
  ""col2"": ""0.0""
}"
Performance_yr.csv,"{
  ""col1"": ""654"",
  ""col2"": ""0.0""
}"
Performance_yr.csv,"{
  ""col1"": ""218"",
  ""col2"": ""0.0""
}"
Performance_yr.csv,"{
  ""col1"": ""333"",
  ""col2"": ""2.0""
}"
Performance_yr.csv,"{
  ""col1"": ""108"",
  ""col2"": ""3.0""
}"
Performance_yr.csv,"{
  ""col1"": ""339"",
  ""col2"": ""0.0""
}"
Performance_yr.csv,"{
  ""col1"": ""132"",
  ""col2"": ""3.0""
}"
Performance_yr.csv,"{
  ""col1"": ""471"",
  ""col2"": ""0.0""
}"
Performance_yr.csv,"{
  ""col1"": ""309"",
  ""col2"": ""1.0""
}"
Performance_yr.csv,"{
  ""col1"": ""44"",
  ""col2"": ""2.0""
}"
Performance_yr.csv,"{
  ""col1"": ""611"",
  ""col2"": ""4.0""
}"
Performance_yr.csv,"{
  ""col1"": ""392"",
  ""col2"": ""5.0""
}"
Performance_yr.csv,"{
  ""col1"": ""540"",
  ""col2"": ""3.0""
}"
Performance_yr.csv,"{
  ""col1"": ""127"",
  ""col2"": ""5.0""
}"
Performance_yr.csv,"{
  ""col1"": ""641"",
  ""col2"": ""2.0""
}"
Performance_yr.csv,"{
  ""col1"": ""123"",
  ""col2"": ""3.0""
}"
Performance_yr.csv,"{
  ""col1"": ""552"",
  ""col2"": ""0.0""
}"
Performance_yr.csv,"{
  ""col1"": ""345"",
  ""col2"": ""4.0""
}"
Performance_yr.csv,"{
  ""col1"": ""590"",
  ""col2"": ""4.0""
}"
Performance_yr.csv,"{
  ""col1"": ""210"",
  ""col2"": ""3.0""
}"
Performance_yr.csv,"{
  ""col1"": ""205"",
  ""col2"": ""2.0""
}"
Performance_yr.csv,"{
  ""col1"": ""323"",
  ""col2"": ""2.0""
}"
Performance_yr.csv,"{
  ""col1"": ""225"",
  ""col2"": ""5.0""
}"
Performance_yr.csv,"{
  ""col1"": ""559"",
  ""col2"": ""4.0""
}"
Performance_yr.csv,"{
  ""col1"": ""352"",
  ""col2"": ""4.0""
}"
Performance_yr.csv,"{
  ""col1"": ""249"",
  ""col2"": ""5.0""
}"
Performance_yr.csv,"{
  ""col1"": ""383"",
  ""col2"": ""4.0""
}"
Performance_yr.csv,"{
  ""col1"": ""381"",
  ""col2"": ""3.0""
}"
Performance_yr.csv,"{
  ""col1"": ""220"",
  ""col2"": ""5.0""
}"
Performance_yr.csv,"{
  ""col1"": ""303"",
  ""col2"": ""5.0""
}"
Performance_yr.csv,"{
  ""col1"": ""61"",
  ""col2"": ""0.0""
}"
Performance_yr.csv,"{
  ""col1"": ""379"",
  ""col2"": ""0.0""
}"
Performance_yr.csv,"{
  ""col1"": ""567"",
  ""col2"": ""4.0""
}"
Performance_yr.csv,"{
  ""col1"": ""535"",
  ""col2"": ""3.0""
}"
Performance_yr.csv,"{
  ""col1"": ""580"",
  ""col2"": ""4.0""
}"
Performance_yr.csv,"{
  ""col1"": ""454"",
  ""col2"": ""1.0""
}"
Performance_yr.csv,"{
  ""col1"": ""440"",
  ""col2"": ""3.0""
}"
Performance_yr.csv,"{
  ""col1"": ""213"",
  ""col2"": ""4.0""
}"
Performance_yr.csv,"{
  ""col1"": ""337"",
  ""col2"": ""5.0""
}"
Performance_yr.csv,"{
  ""col1"": ""573"",
  ""col2"": ""1.0""
}"
Performance_yr.csv,"{
  ""col1"": ""473"",
  ""col2"": ""0.0""
}"
Performance_yr.csv,"{
  ""col1"": ""653"",
  ""col2"": ""4.0""
}"
Performance_yr.csv,"{
  ""col1"": ""192"",
  ""col2"": ""2.0""
}"
Performance_yr.csv,"{
  ""col1"": ""156"",
  ""col2"": ""2.0""
}"
Performance_yr.csv,"{
  ""col1"": ""636"",
  ""col2"": ""2.0""
}"
Performance_yr.csv,"{
  ""col1"": ""628"",
  ""col2"": ""4.0""
}"
Performance_yr.csv,"{
  ""col1"": ""587"",
  ""col2"": ""4.0""
}"
Performance_yr.csv,"{
  ""col1"": ""429"",
  ""col2"": ""1.0""
}"
Performance_yr.csv,"{
  ""col1"": ""160"",
  ""col2"": ""2.0""
}"
Performance_yr.csv,"{
  ""col1"": ""283"",
  ""col2"": ""3.0""
}"
Performance_yr.csv,"{
  ""col1"": ""435"",
  ""col2"": ""4.0""
}"
Performance_yr.csv,"{
  ""col1"": ""3"",
  ""col2"": ""2.0""
}"
Performance_yr.csv,"{
  ""col1"": ""576"",
  ""col2"": ""4.0""
}"
Performance_yr.csv,"{
  ""col1"": ""382"",
  ""col2"": ""2.0""
}"
Performance_yr.csv,"{
  ""col1"": ""206"",
  ""col2"": ""4.0""
}"
Performance_yr.csv,"{
  ""col1"": ""482"",
  ""col2"": ""4.0""
}"
Performance_yr.csv,"{
  ""col1"": ""618"",
  ""col2"": ""4.0""
}"
Performance_yr.csv,"{
  ""col1"": ""478"",
  ""col2"": ""5.0""
}"
Performance_yr.csv,"{
  ""col1"": ""292"",
  ""col2"": ""1.0""
}"
Performance_yr.csv,"{
  ""col1"": ""431"",
  ""col2"": ""1.0""
}"
Performance_yr.csv,"{
  ""col1"": ""37"",
  ""col2"": ""5.0""
}"
Performance_yr.csv,"{
  ""col1"": ""101"",
  ""col2"": ""1.0""
}"
Performance_yr.csv,"{
  ""col1"": ""362"",
  ""col2"": ""5.0""
}"
Performance_yr.csv,"{
  ""col1"": ""83"",
  ""col2"": ""5.0""
}"
Performance_yr.csv,"{
  ""col1"": ""491"",
  ""col2"": ""0.0""
}"
Performance_yr.csv,"{
  ""col1"": ""295"",
  ""col2"": ""4.0""
}"
Performance_yr.csv,"{
  ""col1"": ""355"",
  ""col2"": ""5.0""
}"
Performance_yr.csv,"{
  ""col1"": ""12"",
  ""col2"": ""0.0""
}"
Performance_yr.csv,"{
  ""col1"": ""200"",
  ""col2"": ""5.0""
}"
Performance_yr.csv,"{
  ""col1"": ""141"",
  ""col2"": ""0.0""
}"
Performance_yr.csv,"{
  ""col1"": ""288"",
  ""col2"": ""4.0""
}"
Performance_yr.csv,"{
  ""col1"": ""543"",
  ""col2"": ""2.0""
}"
Performance_yr.csv,"{
  ""col1"": ""614"",
  ""col2"": ""3.0""
}"
Performance_yr.csv,"{
  ""col1"": ""544"",
  ""col2"": ""0.0""
}"
Performance_yr.csv,"{
  ""col1"": ""55"",
  ""col2"": ""4.0""
}"
Performance_yr.csv,"{
  ""col1"": ""373"",
  ""col2"": ""0.0""
}"
Performance_yr.csv,"{
  ""col1"": ""280"",
  ""col2"": ""2.0""
}"
Performance_yr.csv,"{
  ""col1"": ""74"",
  ""col2"": ""3.0""
}"
Performance_yr.csv,"{
  ""col1"": ""492"",
  ""col2"": ""2.0""
}"
Performance_yr.csv,"{
  ""col1"": ""390"",
  ""col2"": ""3.0""
}"
Performance_yr.csv,"{
  ""col1"": ""322"",
  ""col2"": ""3.0""
}"
Performance_yr.csv,"{
  ""col1"": ""8"",
  ""col2"": ""4.0""
}"
Performance_yr.csv,"{
  ""col1"": ""512"",
  ""col2"": ""2.0""
}"
Performance_yr.csv,"{
  ""col1"": ""182"",
  ""col2"": ""3.0""
}"
Performance_yr.csv,"{
  ""col1"": ""62"",
  ""col2"": ""1.0""
}"
Performance_yr.csv,"{
  ""col1"": ""334"",
  ""col2"": ""0.0""
}"
Performance_yr.csv,"{
  ""col1"": ""186"",
  ""col2"": ""1.0""
}"
Performance_yr.csv,"{
  ""col1"": ""331"",
  ""col2"": ""5.0""
}"
Performance_yr.csv,"{
  ""col1"": ""480"",
  ""col2"": ""0.0""
}"
Performance_yr.csv,"{
  ""col1"": ""631"",
  ""col2"": ""3.0""
}"
Performance_yr.csv,"{
  ""col1"": ""171"",
  ""col2"": ""4.0""
}"
Performance_yr.csv,"{
  ""col1"": ""49"",
  ""col2"": ""0.0""
}"
Performance_yr.csv,"{
  ""col1"": ""290"",
  ""col2"": ""1.0""
}"
Performance_yr.csv,"{
  ""col1"": ""591"",
  ""col2"": ""3.0""
}"
Performance_yr.csv,"{
  ""col1"": ""11"",
  ""col2"": ""2.0""
}"
Performance_yr.csv,"{
  ""col1"": ""437"",
  ""col2"": ""2.0""
}"
Performance_yr.csv,"{
  ""col1"": ""514"",
  ""col2"": ""2.0""
}"
Performance_yr.csv,"{
  ""col1"": ""35"",
  ""col2"": ""0.0""
}"
Performance_yr.csv,"{
  ""col1"": ""560"",
  ""col2"": ""4.0""
}"
Performance_yr.csv,"{
  ""col1"": ""639"",
  ""col2"": ""0.0""
}"
Performance_yr.csv,"{
  ""col1"": ""507"",
  ""col2"": ""1.0""
}"
Performance_yr.csv,"{
  ""col1"": ""371"",
  ""col2"": ""5.0""
}"
Performance_yr.csv,"{
  ""col1"": ""468"",
  ""col2"": ""2.0""
}"
Performance_yr.csv,"{
  ""col1"": ""260"",
  ""col2"": ""1.0""
}"
Performance_yr.csv,"{
  ""col1"": ""166"",
  ""col2"": ""1.0""
}"
Performance_yr.csv,"{
  ""col1"": ""80"",
  ""col2"": ""2.0""
}"
Performance_yr.csv,"{
  ""col1"": ""622"",
  ""col2"": ""0.0""
}"
Performance_yr.csv,"{
  ""col1"": ""380"",
  ""col2"": ""3.0""
}"
Performance_yr.csv,"{
  ""col1"": ""400"",
  ""col2"": ""3.0""
}"
Performance_yr.csv,"{
  ""col1"": ""327"",
  ""col2"": ""2.0""
}"
Performance_yr.csv,"{
  ""col1"": ""321"",
  ""col2"": ""0.0""
}"
Performance_yr.csv,"{
  ""col1"": ""199"",
  ""col2"": ""2.0""
}"
Performance_yr.csv,"{
  ""col1"": ""477"",
  ""col2"": ""2.0""
}"
Performance_yr.csv,"{
  ""col1"": ""465"",
  ""col2"": ""1.0""
}"
Performance_yr.csv,"{
  ""col1"": ""2"",
  ""col2"": ""5.0""
}"
Performance_yr.csv,"{
  ""col1"": ""518"",
  ""col2"": ""5.0""
}"
Performance_yr.csv,"{
  ""col1"": ""269"",
  ""col2"": ""3.0""
}"
Performance_yr.csv,"{
  ""col1"": ""66"",
  ""col2"": ""3.0""
}"
Performance_yr.csv,"{
  ""col1"": ""154"",
  ""col2"": ""1.0""
}"
Performance_yr.csv,"{
  ""col1"": ""265"",
  ""col2"": ""3.0""
}"
Performance_yr.csv,"{
  ""col1"": ""432"",
  ""col2"": ""1.0""
}"
Performance_yr.csv,"{
  ""col1"": ""508"",
  ""col2"": ""4.0""
}"
Performance_yr.csv,"{
  ""col1"": ""520"",
  ""col2"": ""2.0""
}"
Performance_yr.csv,"{
  ""col1"": ""344"",
  ""col2"": ""2.0""
}"
Performance_yr.csv,"{
  ""col1"": ""162"",
  ""col2"": ""4.0""
}"
Performance_yr.csv,"{
  ""col1"": ""615"",
  ""col2"": ""3.0""
}"
Performance_yr.csv,"{
  ""col1"": ""244"",
  ""col2"": ""2.0""
}"
Performance_yr.csv,"{
  ""col1"": ""433"",
  ""col2"": ""5.0""
}"
Performance_yr.csv,"{
  ""col1"": ""553"",
  ""col2"": ""2.0""
}"
Performance_yr.csv,"{
  ""col1"": ""428"",
  ""col2"": ""2.0""
}"
Performance_yr.csv,"{
  ""col1"": ""525"",
  ""col2"": ""1.0""
}"
Performance_yr.csv,"{
  ""col1"": ""503"",
  ""col2"": ""1.0""
}"
Performance_yr.csv,"{
  ""col1"": ""605"",
  ""col2"": ""3.0""
}"
Performance_yr.csv,"{
  ""col1"": ""164"",
  ""col2"": ""5.0""
}"
Performance_yr.csv,"{
  ""col1"": ""495"",
  ""col2"": ""5.0""
}"
Performance_yr.csv,"{
  ""col1"": ""360"",
  ""col2"": ""1.0""
}"
Performance_yr.csv,"{
  ""col1"": ""176"",
  ""col2"": ""4.0""
}"
Performance_yr.csv,"{
  ""col1"": ""134"",
  ""col2"": ""2.0""
}"
Performance_yr.csv,"{
  ""col1"": ""645"",
  ""col2"": ""0.0""
}"
Performance_yr.csv,"{
  ""col1"": ""536"",
  ""col2"": ""0.0""
}"
Performance_yr.csv,"{
  ""col1"": ""504"",
  ""col2"": ""1.0""
}"
Performance_yr.csv,"{
  ""col1"": ""329"",
  ""col2"": ""3.0""
}"
Performance_yr.csv,"{
  ""col1"": ""245"",
  ""col2"": ""5.0""
}"
Performance_yr.csv,"{
  ""col1"": ""422"",
  ""col2"": ""3.0""
}"
Performance_yr.csv,"{
  ""col1"": ""634"",
  ""col2"": ""0.0""
}"
Performance_yr.csv,"{
  ""col1"": ""359"",
  ""col2"": ""0.0""
}"
Performance_yr.csv,"{
  ""col1"": ""175"",
  ""col2"": ""5.0""
}"
Performance_yr.csv,"{
  ""col1"": ""76"",
  ""col2"": ""3.0""
}"
Performance_yr.csv,"{
  ""col1"": ""426"",
  ""col2"": ""2.0""
}"
Performance_yr.csv,"{
  ""col1"": ""102"",
  ""col2"": ""4.0""
}"
Performance_yr.csv,"{
  ""col1"": ""606"",
  ""col2"": ""4.0""
}"
Performance_yr.csv,"{
  ""col1"": ""565"",
  ""col2"": ""3.0""
}"
Performance_yr.csv,"{
  ""col1"": ""233"",
  ""col2"": ""4.0""
}"
Performance_yr.csv,"{
  ""col1"": ""506"",
  ""col2"": ""5.0""
}"
Performance_yr.csv,"{
  ""col1"": ""391"",
  ""col2"": ""1.0""
}"
Performance_yr.csv,"{
  ""col1"": ""4"",
  ""col2"": ""1.0""
}"
Performance_yr.csv,"{
  ""col1"": ""230"",
  ""col2"": ""0.0""
}"
Performance_yr.csv,"{
  ""col1"": ""549"",
  ""col2"": ""4.0""
}"
Performance_yr.csv,"{
  ""col1"": ""92"",
  ""col2"": ""2.0""
}"
Performance_yr.csv,"{
  ""col1"": ""163"",
  ""col2"": ""1.0""
}"
Performance_yr.csv,"{
  ""col1"": ""604"",
  ""col2"": ""3.0""
}"
Performance_yr.csv,"{
  ""col1"": ""308"",
  ""col2"": ""5.0""
}"
Performance_yr.csv,"{
  ""col1"": ""524"",
  ""col2"": ""4.0""
}"
Performance_yr.csv,"{
  ""col1"": ""118"",
  ""col2"": ""0.0""
}"
Performance_yr.csv,"{
  ""col1"": ""272"",
  ""col2"": ""0.0""
}"
Performance_yr.csv,"{
  ""col1"": ""13"",
  ""col2"": ""5.0""
}"
Performance_yr.csv,"{
  ""col1"": ""568"",
  ""col2"": ""5.0""
}"
Performance_yr.csv,"{
  ""col1"": ""652"",
  ""col2"": ""3.0""
}"
Performance_yr.csv,"{
  ""col1"": ""305"",
  ""col2"": ""2.0""
}"
Performance_yr.csv,"{
  ""col1"": ""75"",
  ""col2"": ""3.0""
}"
Performance_yr.csv,"{
  ""col1"": ""603"",
  ""col2"": ""3.0""
}"
Performance_yr.csv,"{
  ""col1"": ""36"",
  ""col2"": ""0.0""
}"
Performance_yr.csv,"{
  ""col1"": ""302"",
  ""col2"": ""1.0""
}"
Performance_yr.csv,"{
  ""col1"": ""172"",
  ""col2"": ""2.0""
}"
Performance_yr.csv,"{
  ""col1"": ""613"",
  ""col2"": ""0.0""
}"
Performance_yr.csv,"{
  ""col1"": ""408"",
  ""col2"": ""3.0""
}"
Performance_yr.csv,"{
  ""col1"": ""314"",
  ""col2"": ""4.0""
}"
Performance_yr.csv,"{
  ""col1"": ""78"",
  ""col2"": ""5.0""
}"
Performance_yr.csv,"{
  ""col1"": ""579"",
  ""col2"": ""5.0""
}"
Performance_yr.csv,"{
  ""col1"": ""533"",
  ""col2"": ""1.0""
}"
Performance_yr.csv,"{
  ""col1"": ""410"",
  ""col2"": ""3.0""
}"
Performance_yr.csv,"{
  ""col1"": ""18"",
  ""col2"": ""1.0""
}"
Performance_yr.csv,"{
  ""col1"": ""140"",
  ""col2"": ""2.0""
}"
Performance_yr.csv,"{
  ""col1"": ""298"",
  ""col2"": ""3.0""
}"
Performance_yr.csv,"{
  ""col1"": ""125"",
  ""col2"": ""2.0""
}"
Performance_yr.csv,"{
  ""col1"": ""607"",
  ""col2"": ""2.0""
}"
Performance_yr.csv,"{
  ""col1"": ""289"",
  ""col2"": ""0.0""
}"
Performance_yr.csv,"{
  ""col1"": ""475"",
  ""col2"": ""5.0""
}"
Performance_yr.csv,"{
  ""col1"": ""69"",
  ""col2"": ""0.0""
}"
Performance_yr.csv,"{
  ""col1"": ""374"",
  ""col2"": ""2.0""
}"
Performance_yr.csv,"{
  ""col1"": ""14"",
  ""col2"": ""3.0""
}"
Performance_yr.csv,"{
  ""col1"": ""594"",
  ""col2"": ""5.0""
}"
Performance_yr.csv,"{
  ""col1"": ""286"",
  ""col2"": ""4.0""
}"
Performance_yr.csv,"{
  ""col1"": ""598"",
  ""col2"": ""1.0""
}"
Performance_yr.csv,"{
  ""col1"": ""216"",
  ""col2"": ""2.0""
}"
Performance_yr.csv,"{
  ""col1"": ""583"",
  ""col2"": ""0.0""
}"
Performance_yr.csv,"{
  ""col1"": ""601"",
  ""col2"": ""3.0""
}"
Performance_yr.csv,"{
  ""col1"": ""173"",
  ""col2"": ""3.0""
}"
Performance_yr.csv,"{
  ""col1"": ""626"",
  ""col2"": ""3.0""
}"
Performance_yr.csv,"{
  ""col1"": ""194"",
  ""col2"": ""2.0""
}"
Performance_yr.csv,"{
  ""col1"": ""505"",
  ""col2"": ""2.0""
}"
Performance_yr.csv,"{
  ""col1"": ""137"",
  ""col2"": ""4.0""
}"
Performance_yr.csv,"{
  ""col1"": ""135"",
  ""col2"": ""1.0""
}"
Performance_yr.csv,"{
  ""col1"": ""547"",
  ""col2"": ""5.0""
}"
Performance_yr.csv,"{
  ""col1"": ""238"",
  ""col2"": ""0.0""
}"
Performance_yr.csv,"{
  ""col1"": ""21"",
  ""col2"": ""4.0""
}"
Performance_yr.csv,"{
  ""col1"": ""372"",
  ""col2"": ""1.0""
}"
Performance_yr.csv,"{
  ""col1"": ""59"",
  ""col2"": ""3.0""
}"
Performance_yr.csv,"{
  ""col1"": ""122"",
  ""col2"": ""2.0""
}"
Performance_yr.csv,"{
  ""col1"": ""129"",
  ""col2"": ""2.0""
}"
Performance_yr.csv,"{
  ""col1"": ""542"",
  ""col2"": ""5.0""
}"
Performance_yr.csv,"{
  ""col1"": ""620"",
  ""col2"": ""3.0""
}"
Performance_yr.csv,"{
  ""col1"": ""651"",
  ""col2"": ""1.0""
}"
Performance_yr.csv,"{
  ""col1"": ""335"",
  ""col2"": ""3.0""
}"
Performance_yr.csv,"{
  ""col1"": ""393"",
  ""col2"": ""3.0""
}"
Performance_yr.csv,"{
  ""col1"": ""493"",
  ""col2"": ""2.0""
}"
Performance_yr.csv,"{
  ""col1"": ""310"",
  ""col2"": ""2.0""
}"
Performance_yr.csv,"{
  ""col1"": ""627"",
  ""col2"": ""4.0""
}"
Performance_yr.csv,"{
  ""col1"": ""313"",
  ""col2"": ""2.0""
}"
Performance_yr.csv,"{
  ""col1"": ""165"",
  ""col2"": ""0.0""
}"
Performance_yr.csv,"{
  ""col1"": ""15"",
  ""col2"": ""3.0""
}"
Performance_yr.csv,"{
  ""col1"": ""315"",
  ""col2"": ""1.0""
}"
Performance_yr.csv,"{
  ""col1"": ""81"",
  ""col2"": ""4.0""
}"
Performance_yr.csv,"{
  ""col1"": ""223"",
  ""col2"": ""2.0""
}"
Performance_yr.csv,"{
  ""col1"": ""436"",
  ""col2"": ""2.0""
}"
Performance_yr.csv,"{
  ""col1"": ""195"",
  ""col2"": ""5.0""
}"
Performance_yr.csv,"{
  ""col1"": ""648"",
  ""col2"": ""0.0""
}"
Performance_yr.csv,"{
  ""col1"": ""180"",
  ""col2"": ""2.0""
}"
Performance_yr.csv,"{
  ""col1"": ""438"",
  ""col2"": ""3.0""
}"
Performance_yr.csv,"{
  ""col1"": ""472"",
  ""col2"": ""4.0""
}"
Performance_yr.csv,"{
  ""col1"": ""523"",
  ""col2"": ""3.0""
}"
Performance_yr.csv,"{
  ""col1"": ""609"",
  ""col2"": ""0.0""
}"
Performance_yr.csv,"{
  ""col1"": ""38"",
  ""col2"": ""0.0""
}"
Performance_yr.csv,"{
  ""col1"": ""82"",
  ""col2"": ""4.0""
}"
Performance_yr.csv,"{
  ""col1"": ""350"",
  ""col2"": ""4.0""
}"
Performance_yr.csv,"{
  ""col1"": ""133"",
  ""col2"": ""5.0""
}"
Performance_yr.csv,"{
  ""col1"": ""351"",
  ""col2"": ""4.0""
}"
Performance_yr.csv,"{
  ""col1"": ""97"",
  ""col2"": ""3.0""
}"
Performance_yr.csv,"{
  ""col1"": ""470"",
  ""col2"": ""2.0""
}"
Performance_yr.csv,"{
  ""col1"": ""30"",
  ""col2"": ""5.0""
}"
Performance_yr.csv,"{
  ""col1"": ""401"",
  ""col2"": ""3.0""
}"
Performance_yr.csv,"{
  ""col1"": ""73"",
  ""col2"": ""3.0""
}"
Performance_yr.csv,"{
  ""col1"": ""42"",
  ""col2"": ""2.0""
}"
Performance_yr.csv,"{
  ""col1"": ""151"",
  ""col2"": ""2.0""
}"
Performance_yr.csv,"{
  ""col1"": ""582"",
  ""col2"": ""5.0""
}"
Performance_yr.csv,"{
  ""col1"": ""457"",
  ""col2"": ""1.0""
}"
Performance_yr.csv,"{
  ""col1"": ""159"",
  ""col2"": ""3.0""
}"
Performance_yr.csv,"{
  ""col1"": ""90"",
  ""col2"": ""4.0""
}"
Performance_yr.csv,"{
  ""col1"": ""256"",
  ""col2"": ""3.0""
}"
Performance_yr.csv,"{
  ""col1"": ""425"",
  ""col2"": ""5.0""
}"
Performance_yr.csv,"{
  ""col1"": ""338"",
  ""col2"": ""0.0""
}"
Performance_yr.csv,"{
  ""col1"": ""643"",
  ""col2"": ""3.0""
}"
Performance_yr.csv,"{
  ""col1"": ""312"",
  ""col2"": ""5.0""
}"
Performance_yr.csv,"{
  ""col1"": ""445"",
  ""col2"": ""3.0""
}"
Performance_yr.csv,"{
  ""col1"": ""297"",
  ""col2"": ""5.0""
}"
Performance_yr.csv,"{
  ""col1"": ""597"",
  ""col2"": ""4.0""
}"
Performance_yr.csv,"{
  ""col1"": ""23"",
  ""col2"": ""1.0""
}"
Performance_yr.csv,"{
  ""col1"": ""117"",
  ""col2"": ""5.0""
}"
Performance_yr.csv,"{
  ""col1"": ""291"",
  ""col2"": ""0.0""
}"
Performance_yr.csv,"{
  ""col1"": ""121"",
  ""col2"": ""3.0""
}"
Performance_yr.csv,"{
  ""col1"": ""46"",
  ""col2"": ""3.0""
}"
Performance_yr.csv,"{
  ""col1"": ""494"",
  ""col2"": ""0.0""
}"
Performance_yr.csv,"{
  ""col1"": ""409"",
  ""col2"": ""2.0""
}"
Performance_yr.csv,"{
  ""col1"": ""284"",
  ""col2"": ""5.0""
}"
Performance_yr.csv,"{
  ""col1"": ""358"",
  ""col2"": ""4.0""
}"
Performance_yr.csv,"{
  ""col1"": ""217"",
  ""col2"": ""3.0""
}"
Performance_yr.csv,"{
  ""col1"": ""20"",
  ""col2"": ""1.0""
}"
Performance_yr.csv,"{
  ""col1"": ""70"",
  ""col2"": ""1.0""
}"
Performance_yr.csv,"{
  ""col1"": ""479"",
  ""col2"": ""0.0""
}"
Performance_yr.csv,"{
  ""col1"": ""616"",
  ""col2"": ""2.0""
}"
Performance_yr.csv,"{
  ""col1"": ""300"",
  ""col2"": ""4.0""
}"
Performance_yr.csv,"{
  ""col1"": ""617"",
  ""col2"": ""2.0""
}"
Performance_yr.csv,"{
  ""col1"": ""444"",
  ""col2"": ""2.0""
}"
Performance_yr.csv,"{
  ""col1"": ""510"",
  ""col2"": ""4.0""
}"
Performance_yr.csv,"{
  ""col1"": ""630"",
  ""col2"": ""4.0""
}"
Performance_yr.csv,"{
  ""col1"": ""99"",
  ""col2"": ""5.0""
}"
Performance_yr.csv,"{
  ""col1"": ""387"",
  ""col2"": ""2.0""
}"
Performance_yr.csv,"{
  ""col1"": ""231"",
  ""col2"": ""4.0""
}"
Performance_yr.csv,"{
  ""col1"": ""86"",
  ""col2"": ""3.0""
}"
Performance_yr.csv,"{
  ""col1"": ""354"",
  ""col2"": ""2.0""
}"
Performance_yr.csv,"{
  ""col1"": ""640"",
  ""col2"": ""1.0""
}"
Performance_yr.csv,"{
  ""col1"": ""483"",
  ""col2"": ""1.0""
}"
Performance_yr.csv,"{
  ""col1"": ""109"",
  ""col2"": ""5.0""
}"
Performance_yr.csv,"{
  ""col1"": ""476"",
  ""col2"": ""4.0""
}"
Performance_yr.csv,"{
  ""col1"": ""60"",
  ""col2"": ""2.0""
}"
Performance_yr.csv,"{
  ""col1"": ""189"",
  ""col2"": ""1.0""
}"
Performance_yr.csv,"{
  ""col1"": ""545"",
  ""col2"": ""1.0""
}"
Performance_yr.csv,"{
  ""col1"": ""311"",
  ""col2"": ""4.0""
}"
Performance_yr.csv,"{
  ""col1"": ""578"",
  ""col2"": ""2.0""
}"
Performance_yr.csv,"{
  ""col1"": ""534"",
  ""col2"": ""0.0""
}"
Performance_yr.csv,"{
  ""col1"": ""569"",
  ""col2"": ""5.0""
}"
Performance_yr.csv,"{
  ""col1"": ""93"",
  ""col2"": ""3.0""
}"
Performance_yr.csv,"{
  ""col1"": ""633"",
  ""col2"": ""2.0""
}"
Performance_yr.csv,"{
  ""col1"": ""566"",
  ""col2"": ""2.0""
}"
Performance_yr.csv,"{
  ""col1"": ""251"",
  ""col2"": ""4.0""
}"
Performance_yr.csv,"{
  ""col1"": ""204"",
  ""col2"": ""3.0""
}"
Performance_yr.csv,"{
  ""col1"": ""259"",
  ""col2"": ""3.0""
}"
Performance_yr.csv,"{
  ""col1"": ""40"",
  ""col2"": ""3.0""
}"
Performance_yr.csv,"{
  ""col1"": ""366"",
  ""col2"": ""3.0""
}"
Performance_yr.csv,"{
  ""col1"": ""647"",
  ""col2"": ""3.0""
}"
Performance_yr.csv,"{
  ""col1"": ""285"",
  ""col2"": ""1.0""
}"
Performance_yr.csv,"{
  ""col1"": ""282"",
  ""col2"": ""2.0""
}"
Performance_yr.csv,"{
  ""col1"": ""147"",
  ""col2"": ""5.0""
}"
Performance_yr.csv,"{
  ""col1"": ""522"",
  ""col2"": ""1.0""
}"
Performance_yr.csv,"{
  ""col1"": ""571"",
  ""col2"": ""4.0""
}"
Performance_yr.csv,"{
  ""col1"": ""183"",
  ""col2"": ""0.0""
}"
Performance_yr.csv,"{
  ""col1"": ""527"",
  ""col2"": ""5.0""
}"
Performance_yr.csv,"{
  ""col1"": ""240"",
  ""col2"": ""4.0""
}"
Performance_yr.csv,"{
  ""col1"": ""263"",
  ""col2"": ""0.0""
}"
Performance_yr.csv,"{
  ""col1"": ""396"",
  ""col2"": ""1.0""
}"
Performance_yr.csv,"{
  ""col1"": ""16"",
  ""col2"": ""1.0""
}"
Performance_yr.csv,"{
  ""col1"": ""64"",
  ""col2"": ""3.0""
}"
Performance_yr.csv,"{
  ""col1"": ""281"",
  ""col2"": ""0.0""
}"
Performance_yr.csv,"{
  ""col1"": ""612"",
  ""col2"": ""0.0""
}"
Performance_yr.csv,"{
  ""col1"": ""336"",
  ""col2"": ""2.0""
}"
Performance_yr.csv,"{
  ""col1"": ""584"",
  ""col2"": ""3.0""
}"
Performance_yr.csv,"{
  ""col1"": ""416"",
  ""col2"": ""4.0""
}"
Performance_yr.csv,"{
  ""col1"": ""317"",
  ""col2"": ""2.0""
}"
Performance_yr.csv,"{
  ""col1"": ""91"",
  ""col2"": ""3.0""
}"
Performance_yr.csv,"{
  ""col1"": ""357"",
  ""col2"": ""2.0""
}"
Performance_yr.csv,"{
  ""col1"": ""267"",
  ""col2"": ""5.0""
}"
Performance_yr.csv,"{
  ""col1"": ""152"",
  ""col2"": ""1.0""
}"
Performance_yr.csv,"{
  ""col1"": ""398"",
  ""col2"": ""5.0""
}"
Performance_yr.csv,"{
  ""col1"": ""261"",
  ""col2"": ""5.0""
}"
Performance_yr.csv,"{
  ""col1"": ""489"",
  ""col2"": ""0.0""
}"
Performance_yr.csv,"{
  ""col1"": ""625"",
  ""col2"": ""3.0""
}"
Performance_yr.csv,"{
  ""col1"": ""148"",
  ""col2"": ""1.0""
}"
Performance_yr.csv,"{
  ""col1"": ""531"",
  ""col2"": ""2.0""
}"
Performance_yr.csv,"{
  ""col1"": ""45"",
  ""col2"": ""4.0""
}"
Performance_yr.csv,"{
  ""col1"": ""53"",
  ""col2"": ""3.0""
}"
Performance_yr.csv,"{
  ""col1"": ""572"",
  ""col2"": ""5.0""
}"
Performance_yr.csv,"{
  ""col1"": ""484"",
  ""col2"": ""4.0""
}"
Performance_yr.csv,"{
  ""col1"": ""394"",
  ""col2"": ""1.0""
}"
Performance_yr.csv,"{
  ""col1"": ""619"",
  ""col2"": ""3.0""
}"
Performance_yr.csv,"{
  ""col1"": ""47"",
  ""col2"": ""0.0""
}"
Performance_yr.csv,"{
  ""col1"": ""169"",
  ""col2"": ""2.0""
}"
Performance_yr.csv,"{
  ""col1"": ""273"",
  ""col2"": ""3.0""
}"
Performance_yr.csv,"{
  ""col1"": ""340"",
  ""col2"": ""3.0""
}"
Performance_yr.csv,"{
  ""col1"": ""456"",
  ""col2"": ""4.0""
}"
Performance_yr.csv,"{
  ""col1"": ""458"",
  ""col2"": ""1.0""
}"
Performance_yr.csv,"{
  ""col1"": ""24"",
  ""col2"": ""4.0""
}"
Performance_yr.csv,"{
  ""col1"": ""211"",
  ""col2"": ""3.0""
}"
Performance_yr.csv,"{
  ""col1"": ""469"",
  ""col2"": ""2.0""
}"
Performance_yr.csv,"{
  ""col1"": ""526"",
  ""col2"": ""4.0""
}"
average_performance_by_department.csv,"{
  ""col1"": ""6"",
  ""col2"": ""2.52""
}"
average_performance_by_department.csv,"{
  ""col1"": ""5"",
  ""col2"": ""2.5789473684210527""
}"
average_performance_by_department.csv,"{
  ""col1"": ""1"",
  ""col2"": ""2.406779661016949""
}"
average_performance_by_department.csv,"{
  ""col1"": ""3"",
  ""col2"": ""2.517543859649123""
}"
average_performance_by_department.csv,"{
  ""col1"": ""2"",
  ""col2"": ""2.3596491228070176""
}"
average_performance_by_department.csv,"{
  ""col1"": ""4"",
  ""col2"": ""2.7787610619469025""
}"
high_performers_df.csv,"{
  ""col1"": ""2"",
  ""col10"": ""Bigender"",
  ""col11"": ""1989-10-07"",
  ""col12"": ""2007-04-13"",
  ""col13"": ""2"",
  ""col14"": ""senior financial analyst"",
  ""col2"": ""2022-08-18"",
  ""col3"": ""5.0"",
  ""col4"": ""8573.132743"",
  ""col5"": ""19"",
  ""col6"": ""39.69"",
  ""col8"": ""Warden"",
  ""col9"": ""Milberry""
}"
high_performers_df.csv,"{
  ""col1"": ""1"",
  ""col10"": ""Female"",
  ""col11"": ""1987-09-28"",
  ""col12"": ""2009-03-15"",
  ""col13"": ""3"",
  ""col14"": ""desktop support technician"",
  ""col2"": ""2022-08-21"",
  ""col3"": ""5.0"",
  ""col4"": ""19457.99241"",
  ""col5"": ""16"",
  ""col6"": ""34.03"",
  ""col8"": ""Madeleine"",
  ""col9"": ""Colliard""
}"
high_performers_df.csv,"{
  ""col1"": ""124"",
  ""col10"": ""Male"",
  ""col11"": ""1960-03-23"",
  ""col12"": ""2018-05-18"",
  ""col13"": ""2"",
  ""col14"": ""administrative assistant i"",
  ""col2"": ""2022-08-26"",
  ""col3"": ""5.0"",
  ""col4"": ""2292.507326"",
  ""col5"": ""18"",
  ""col6"": ""67.06"",
  ""col8"": ""Had"",
  ""col9"": ""Berthome""
}"
high_performers_df.csv,"{
  ""col1"": ""303"",
  ""col10"": ""Female"",
  ""col11"": ""1993-11-08"",
  ""col12"": ""2020-09-09"",
  ""col13"": ""4"",
  ""col14"": ""structural analysis engineer"",
  ""col2"": ""2022-08-07"",
  ""col3"": ""5.0"",
  ""col4"": ""21575.18641"",
  ""col5"": ""1"",
  ""col6"": ""6.5"",
  ""col8"": ""Simonne"",
  ""col9"": ""Allaker""
}"
high_performers_df.csv,"{
  ""col1"": ""113"",
  ""col10"": ""Male"",
  ""col11"": ""1959-07-13"",
  ""col12"": ""2018-08-04"",
  ""col13"": ""3"",
  ""col14"": ""information systems manager"",
  ""col2"": ""2022-08-02"",
  ""col3"": ""5.0"",
  ""col4"": ""25596.82432"",
  ""col5"": ""6"",
  ""col6"": ""4.67"",
  ""col8"": ""Abey"",
  ""col9"": ""O' Meara""
}"
high_performers_df.csv,"{
  ""col1"": ""117"",
  ""col10"": ""Genderfluid"",
  ""col11"": ""1980-07-07"",
  ""col12"": ""2006-03-09"",
  ""col13"": ""4"",
  ""col14"": ""senior editor"",
  ""col2"": ""2022-08-11"",
  ""col3"": ""5.0"",
  ""col4"": ""19144.74848"",
  ""col5"": ""11"",
  ""col6"": ""15.85"",
  ""col8"": ""Gifford"",
  ""col9"": ""Heymes""
}"
high_performers_df.csv,"{
  ""col1"": ""415"",
  ""col10"": ""Female"",
  ""col11"": ""1963-01-16"",
  ""col12"": ""2001-12-10"",
  ""col13"": ""2"",
  ""col14"": ""software engineer iii"",
  ""col2"": ""2022-08-10"",
  ""col3"": ""5.0"",
  ""col4"": ""25263.7351"",
  ""col5"": ""11"",
  ""col6"": ""21.24"",
  ""col8"": ""Debee"",
  ""col9"": ""Beamish""
}"
high_performers_df.csv,"{
  ""col1"": ""506"",
  ""col10"": ""Female"",
  ""col11"": ""1988-09-01"",
  ""col12"": ""2007-01-24"",
  ""col13"": ""6"",
  ""col14"": ""analyst programmer"",
  ""col2"": ""2022-08-04"",
  ""col3"": ""5.0"",
  ""col4"": ""6089.978951"",
  ""col5"": ""5"",
  ""col6"": ""56.13"",
  ""col8"": ""Louisette"",
  ""col9"": ""Cristofor""
}"
high_performers_df.csv,"{
  ""col1"": ""220"",
  ""col10"": ""Female"",
  ""col11"": ""1981-08-22"",
  ""col12"": ""2013-08-14"",
  ""col13"": ""5"",
  ""col14"": ""librarian"",
  ""col2"": ""2022-08-15"",
  ""col3"": ""5.0"",
  ""col4"": ""8804.034601"",
  ""col5"": ""20"",
  ""col6"": ""23.71"",
  ""col8"": ""Issy"",
  ""col9"": ""Gudger""
}"
high_performers_df.csv,"{
  ""col1"": ""5"",
  ""col10"": ""Female"",
  ""col11"": ""1963-12-03"",
  ""col12"": ""2011-05-20"",
  ""col13"": ""2"",
  ""col14"": ""vp quality control"",
  ""col2"": ""2022-08-15"",
  ""col3"": ""5.0"",
  ""col4"": ""2862.633868"",
  ""col5"": ""10"",
  ""col6"": ""37.21"",
  ""col8"": ""Prissie"",
  ""col9"": ""Scutter""
}"
high_performers_df.csv,"{
  ""col1"": ""375"",
  ""col10"": ""Male"",
  ""col11"": ""1999-01-24"",
  ""col12"": ""2015-04-24"",
  ""col13"": ""1"",
  ""col14"": ""health coach iv"",
  ""col2"": ""2022-08-25"",
  ""col3"": ""5.0"",
  ""col4"": ""21334.50866"",
  ""col5"": ""1"",
  ""col6"": ""29.07"",
  ""col8"": ""Dell"",
  ""col9"": ""Andri""
}"
high_performers_df.csv,"{
  ""col1"": ""249"",
  ""col10"": ""Female"",
  ""col11"": ""1984-06-26"",
  ""col12"": ""2007-03-01"",
  ""col13"": ""6"",
  ""col14"": ""internal auditor"",
  ""col2"": ""2022-08-06"",
  ""col3"": ""5.0"",
  ""col4"": ""12807.76776"",
  ""col5"": ""13"",
  ""col6"": ""79.37"",
  ""col8"": ""Kaitlin"",
  ""col9"": ""Dorkin""
}"
high_performers_df.csv,"{
  ""col1"": ""167"",
  ""col10"": ""Male"",
  ""col11"": ""1960-07-08"",
  ""col12"": ""2010-01-25"",
  ""col13"": ""5"",
  ""col14"": ""marketing manager"",
  ""col2"": ""2022-08-18"",
  ""col3"": ""5.0"",
  ""col4"": ""19353.67171"",
  ""col5"": ""15"",
  ""col6"": ""43.56"",
  ""col8"": ""Broddie"",
  ""col9"": ""Quartly""
}"
high_performers_df.csv,"{
  ""col1"": ""235"",
  ""col10"": ""Male"",
  ""col11"": ""1990-04-04"",
  ""col12"": ""2004-10-05"",
  ""col13"": ""1"",
  ""col14"": ""payment adjustment coordinator"",
  ""col2"": ""2022-08-19"",
  ""col3"": ""5.0"",
  ""col4"": ""19790.5485"",
  ""col5"": ""13"",
  ""col6"": ""6.73"",
  ""col8"": ""Kerk"",
  ""col9"": ""Seller""
}"
high_performers_df.csv,"{
  ""col1"": ""65"",
  ""col10"": ""Male"",
  ""col11"": ""1981-05-04"",
  ""col12"": ""2002-05-07"",
  ""col13"": ""4"",
  ""col14"": ""health coach iii"",
  ""col2"": ""2022-08-27"",
  ""col3"": ""5.0"",
  ""col4"": ""28622.93268"",
  ""col5"": ""19"",
  ""col6"": ""52.6"",
  ""col8"": ""Andreas"",
  ""col9"": ""Trew""
}"
high_performers_df.csv,"{
  ""col1"": ""225"",
  ""col10"": ""Female"",
  ""col11"": ""1975-02-26"",
  ""col12"": ""2001-12-30"",
  ""col13"": ""5"",
  ""col14"": ""business systems development analyst"",
  ""col2"": ""2022-08-19"",
  ""col3"": ""5.0"",
  ""col4"": ""23021.70973"",
  ""col5"": ""18"",
  ""col6"": ""25.28"",
  ""col8"": ""Karylin"",
  ""col9"": ""Saull""
}"
high_performers_df.csv,"{
  ""col1"": ""197"",
  ""col10"": ""Female"",
  ""col11"": ""1964-12-13"",
  ""col12"": ""2019-10-28"",
  ""col13"": ""4"",
  ""col14"": ""project manager"",
  ""col2"": ""2022-08-07"",
  ""col3"": ""5.0"",
  ""col4"": ""12188.16259"",
  ""col5"": ""5"",
  ""col6"": ""62.91"",
  ""col8"": ""Julia"",
  ""col9"": ""Littlewood""
}"
high_performers_df.csv,"{
  ""col1"": ""174"",
  ""col10"": ""Male"",
  ""col11"": ""1951-05-25"",
  ""col12"": ""2001-09-19"",
  ""col13"": ""4"",
  ""col14"": ""structural analysis engineer"",
  ""col2"": ""2022-08-16"",
  ""col3"": ""5.0"",
  ""col4"": ""6665.577588"",
  ""col5"": ""6"",
  ""col6"": ""18.9"",
  ""col8"": ""Farrell"",
  ""col9"": ""Corris""
}"
high_performers_df.csv,"{
  ""col1"": ""600"",
  ""col10"": ""Female"",
  ""col11"": ""1984-02-29"",
  ""col12"": ""2021-04-01"",
  ""col13"": ""1"",
  ""col14"": ""business systems development analyst"",
  ""col2"": ""2022-08-25"",
  ""col3"": ""5.0"",
  ""col4"": ""20279.19745"",
  ""col5"": ""8"",
  ""col6"": ""3.03"",
  ""col8"": ""Clair"",
  ""col9"": ""Etty""
}"
high_performers_df.csv,"{
  ""col1"": ""133"",
  ""col10"": ""Male"",
  ""col11"": ""1967-05-11"",
  ""col12"": ""2002-04-21"",
  ""col13"": ""4"",
  ""col14"": ""speech pathologist"",
  ""col2"": ""2022-08-01"",
  ""col3"": ""5.0"",
  ""col4"": ""29831.96613"",
  ""col5"": ""18"",
  ""col6"": ""48.27"",
  ""col8"": ""Toiboid"",
  ""col9"": ""Malshinger""
}"
high_performers_df.csv,"{
  ""col1"": ""96"",
  ""col10"": ""Male"",
  ""col11"": ""1984-08-02"",
  ""col12"": ""2001-07-22"",
  ""col13"": ""4"",
  ""col14"": ""gis technical architect"",
  ""col2"": ""2022-08-07"",
  ""col3"": ""5.0"",
  ""col4"": ""22042.36596"",
  ""col5"": ""15"",
  ""col6"": ""32.62"",
  ""col8"": ""Jaymie"",
  ""col9"": ""Hellwing""
}"
high_performers_df.csv,"{
  ""col1"": ""208"",
  ""col10"": ""Male"",
  ""col11"": ""1969-12-23"",
  ""col12"": ""2000-05-12"",
  ""col13"": ""3"",
  ""col14"": ""occupational therapist"",
  ""col2"": ""2022-08-22"",
  ""col3"": ""5.0"",
  ""col4"": ""17077.79901"",
  ""col5"": ""19"",
  ""col6"": ""52.45"",
  ""col8"": ""Byrom"",
  ""col9"": ""Spuner""
}"
high_performers_df.csv,"{
  ""col1"": ""527"",
  ""col10"": ""Male"",
  ""col11"": ""1971-02-03"",
  ""col12"": ""2020-01-17"",
  ""col13"": ""5"",
  ""col14"": ""general manager"",
  ""col2"": ""2022-08-01"",
  ""col3"": ""5.0"",
  ""col4"": ""18870.86126"",
  ""col5"": ""13"",
  ""col6"": ""20.75"",
  ""col8"": ""Kory"",
  ""col9"": ""Slograve""
}"
high_performers_df.csv,"{
  ""col1"": ""602"",
  ""col10"": ""Male"",
  ""col11"": ""1960-12-24"",
  ""col12"": ""2010-04-08"",
  ""col13"": ""1"",
  ""col14"": ""senior cost accountant"",
  ""col2"": ""2022-08-31"",
  ""col3"": ""5.0"",
  ""col4"": ""23409.99933"",
  ""col5"": ""2"",
  ""col6"": ""45.78"",
  ""col8"": ""Lindsay"",
  ""col9"": ""Sertin""
}"
high_performers_df.csv,"{
  ""col1"": ""490"",
  ""col10"": ""Male"",
  ""col11"": ""1992-12-05"",
  ""col12"": ""2013-09-05"",
  ""col13"": ""6"",
  ""col14"": ""vp quality control"",
  ""col2"": ""2022-08-21"",
  ""col3"": ""5.0"",
  ""col4"": ""8182.894118"",
  ""col5"": ""15"",
  ""col6"": ""48.92"",
  ""col8"": ""Rees"",
  ""col9"": ""Cardwell""
}"
high_performers_df.csv,"{
  ""col1"": ""284"",
  ""col10"": ""Female"",
  ""col11"": ""1964-03-19"",
  ""col12"": ""2019-08-26"",
  ""col13"": ""3"",
  ""col14"": ""director of sales"",
  ""col2"": ""2022-08-21"",
  ""col3"": ""5.0"",
  ""col4"": ""20089.73267"",
  ""col5"": ""1"",
  ""col6"": ""45.2"",
  ""col8"": ""Ina"",
  ""col9"": ""Metzke""
}"
high_performers_df.csv,"{
  ""col1"": ""308"",
  ""col10"": ""Female"",
  ""col11"": ""1999-09-14"",
  ""col12"": ""2001-11-21"",
  ""col13"": ""1"",
  ""col14"": ""web designer i"",
  ""col2"": ""2022-08-02"",
  ""col3"": ""5.0"",
  ""col4"": ""17430.42451"",
  ""col5"": ""19"",
  ""col6"": ""38.35"",
  ""col8"": ""Shara"",
  ""col9"": ""Bonsey""
}"
high_performers_df.csv,"{
  ""col1"": ""200"",
  ""col10"": ""Female"",
  ""col11"": ""1958-06-17"",
  ""col12"": ""2004-01-11"",
  ""col13"": ""5"",
  ""col14"": ""help desk technician"",
  ""col2"": ""2022-08-11"",
  ""col3"": ""5.0"",
  ""col4"": ""12567.27791"",
  ""col5"": ""14"",
  ""col6"": ""40.38"",
  ""col8"": ""Wendye"",
  ""col9"": ""Cornil""
}"
high_performers_df.csv,"{
  ""col1"": ""367"",
  ""col10"": ""Male"",
  ""col11"": ""1995-10-12"",
  ""col12"": ""2018-03-08"",
  ""col13"": ""2"",
  ""col14"": ""internal auditor"",
  ""col2"": ""2022-08-17"",
  ""col3"": ""5.0"",
  ""col4"": ""29673.14679"",
  ""col5"": ""2"",
  ""col6"": ""35.67"",
  ""col8"": ""Chevalier"",
  ""col9"": ""Whistlecraft""
}"
high_performers_df.csv,"{
  ""col1"": ""542"",
  ""col10"": ""Female"",
  ""col11"": ""1985-05-19"",
  ""col12"": ""2002-12-08"",
  ""col13"": ""3"",
  ""col14"": ""civil engineer"",
  ""col2"": ""2022-08-03"",
  ""col3"": ""5.0"",
  ""col4"": ""8894.946647"",
  ""col5"": ""2"",
  ""col6"": ""0.05"",
  ""col8"": ""Amelie"",
  ""col9"": ""Glassup""
}"
high_performers_df.csv,"{
  ""col1"": ""198"",
  ""col10"": ""Female"",
  ""col11"": ""1963-07-17"",
  ""col12"": ""2007-02-26"",
  ""col13"": ""3"",
  ""col14"": ""developer i"",
  ""col2"": ""2022-08-07"",
  ""col3"": ""5.0"",
  ""col4"": ""17709.06738"",
  ""col5"": ""3"",
  ""col6"": ""39.51"",
  ""col8"": ""Adelle"",
  ""col9"": ""Saynor""
}"
high_performers_df.csv,"{
  ""col1"": ""13"",
  ""col10"": ""Male"",
  ""col11"": ""1963-04-06"",
  ""col12"": ""2020-01-30"",
  ""col13"": ""6"",
  ""col14"": ""quality engineer"",
  ""col2"": ""2022-08-27"",
  ""col3"": ""5.0"",
  ""col4"": ""13625.79672"",
  ""col5"": ""1"",
  ""col6"": ""28.18"",
  ""col8"": ""Osbourn"",
  ""col9"": ""Whiteford""
}"
high_performers_df.csv,"{
  ""col1"": ""389"",
  ""col10"": ""Female"",
  ""col11"": ""1981-02-14"",
  ""col12"": ""2009-03-08"",
  ""col13"": ""4"",
  ""col14"": ""recruiter"",
  ""col2"": ""2022-08-07"",
  ""col3"": ""5.0"",
  ""col4"": ""27922.69609"",
  ""col5"": ""19"",
  ""col6"": ""36.41"",
  ""col8"": ""Wileen"",
  ""col9"": ""Anstiss""
}"
high_performers_df.csv,"{
  ""col1"": ""37"",
  ""col10"": ""Male"",
  ""col11"": ""1960-12-26"",
  ""col12"": ""2011-09-12"",
  ""col13"": ""3"",
  ""col14"": ""environmental specialist"",
  ""col2"": ""2022-08-19"",
  ""col3"": ""5.0"",
  ""col4"": ""28034.96841"",
  ""col5"": ""3"",
  ""col6"": ""37.49"",
  ""col8"": ""Marlon"",
  ""col9"": ""Latchford""
}"
high_performers_df.csv,"{
  ""col1"": ""337"",
  ""col10"": ""Female"",
  ""col11"": ""1988-05-06"",
  ""col12"": ""2005-09-28"",
  ""col13"": ""1"",
  ""col14"": ""design engineer"",
  ""col2"": ""2022-08-10"",
  ""col3"": ""5.0"",
  ""col4"": ""7820.586891"",
  ""col5"": ""16"",
  ""col6"": ""67.44"",
  ""col8"": ""Adrianne"",
  ""col9"": ""Gaddas""
}"
high_performers_df.csv,"{
  ""col1"": ""430"",
  ""col10"": ""Male"",
  ""col11"": ""1995-06-24"",
  ""col12"": ""2017-05-07"",
  ""col13"": ""6"",
  ""col14"": ""information systems manager"",
  ""col2"": ""2022-08-02"",
  ""col3"": ""5.0"",
  ""col4"": ""19705.89849"",
  ""col5"": ""6"",
  ""col6"": ""30.12"",
  ""col8"": ""Sunny"",
  ""col9"": ""Plampeyn""
}"
high_performers_df.csv,"{
  ""col1"": ""460"",
  ""col10"": ""Male"",
  ""col11"": ""1969-09-07"",
  ""col12"": ""2007-07-02"",
  ""col13"": ""2"",
  ""col14"": ""data coordinator"",
  ""col2"": ""2022-08-16"",
  ""col3"": ""5.0"",
  ""col4"": ""29086.77548"",
  ""col5"": ""14"",
  ""col6"": ""25.52"",
  ""col8"": ""Pryce"",
  ""col9"": ""Claire""
}"
high_performers_df.csv,"{
  ""col1"": ""475"",
  ""col10"": ""Male"",
  ""col11"": ""1966-01-15"",
  ""col12"": ""2012-09-09"",
  ""col13"": ""3"",
  ""col14"": ""physical therapy assistant"",
  ""col2"": ""2022-08-31"",
  ""col3"": ""5.0"",
  ""col4"": ""9835.56221"",
  ""col5"": ""1"",
  ""col6"": ""1.93"",
  ""col8"": ""Rafi"",
  ""col9"": ""Bryde""
}"
high_performers_df.csv,"{
  ""col1"": ""239"",
  ""col10"": ""Male"",
  ""col11"": ""1974-07-10"",
  ""col12"": ""2003-02-19"",
  ""col13"": ""5"",
  ""col14"": ""teacher"",
  ""col2"": ""2022-08-05"",
  ""col3"": ""5.0"",
  ""col4"": ""2414.626009"",
  ""col5"": ""12"",
  ""col6"": ""46.54"",
  ""col8"": ""Luis"",
  ""col9"": ""Treffry""
}"
high_performers_df.csv,"{
  ""col1"": ""554"",
  ""col10"": ""Male"",
  ""col11"": ""1985-09-12"",
  ""col12"": ""2014-05-28"",
  ""col13"": ""5"",
  ""col14"": ""recruiter"",
  ""col2"": ""2022-08-06"",
  ""col3"": ""5.0"",
  ""col4"": ""13309.20711"",
  ""col5"": ""7"",
  ""col6"": ""29.05"",
  ""col8"": ""Leonardo"",
  ""col9"": ""Brigdale""
}"
high_performers_df.csv,"{
  ""col1"": ""77"",
  ""col10"": ""Male"",
  ""col11"": ""1971-09-18"",
  ""col12"": ""2021-01-10"",
  ""col13"": ""1"",
  ""col14"": ""teacher"",
  ""col2"": ""2022-08-15"",
  ""col3"": ""5.0"",
  ""col4"": ""15307.28708"",
  ""col5"": ""2"",
  ""col6"": ""59.9"",
  ""col8"": ""Efrem"",
  ""col9"": ""Goodere""
}"
high_performers_df.csv,"{
  ""col1"": ""564"",
  ""col10"": ""Male"",
  ""col11"": ""1975-03-22"",
  ""col12"": ""2003-01-12"",
  ""col13"": ""3"",
  ""col14"": ""assistant professor"",
  ""col2"": ""2022-08-26"",
  ""col3"": ""5.0"",
  ""col4"": ""4939.792777"",
  ""col5"": ""4"",
  ""col6"": ""47.38"",
  ""col8"": ""Adair"",
  ""col9"": ""Sawers""
}"
high_performers_df.csv,"{
  ""col1"": ""127"",
  ""col10"": ""Male"",
  ""col11"": ""1976-03-28"",
  ""col12"": ""2010-10-17"",
  ""col13"": ""1"",
  ""col14"": ""nurse"",
  ""col2"": ""2022-08-20"",
  ""col3"": ""5.0"",
  ""col4"": ""21983.45998"",
  ""col5"": ""19"",
  ""col6"": ""58.27"",
  ""col8"": ""Maje"",
  ""col9"": ""Staveley""
}"
high_performers_df.csv,"{
  ""col1"": ""448"",
  ""col10"": ""Female"",
  ""col11"": ""1970-05-28"",
  ""col12"": ""2013-04-08"",
  ""col13"": ""5"",
  ""col14"": ""nurse practicioner"",
  ""col2"": ""2022-08-30"",
  ""col3"": ""5.0"",
  ""col4"": ""21177.43233"",
  ""col5"": ""16"",
  ""col6"": ""0.58"",
  ""col8"": ""Tildie"",
  ""col9"": ""Freed""
}"
high_performers_df.csv,"{
  ""col1"": ""595"",
  ""col10"": ""Male"",
  ""col11"": ""1993-06-25"",
  ""col12"": ""2009-11-29"",
  ""col13"": ""4"",
  ""col14"": ""civil engineer"",
  ""col2"": ""2022-08-26"",
  ""col3"": ""5.0"",
  ""col4"": ""27385.88037"",
  ""col5"": ""10"",
  ""col6"": ""78.07"",
  ""col8"": ""Torey"",
  ""col9"": ""Lindhe""
}"
high_performers_df.csv,"{
  ""col1"": ""495"",
  ""col10"": ""Male"",
  ""col11"": ""1996-02-19"",
  ""col12"": ""2015-07-06"",
  ""col13"": ""2"",
  ""col14"": ""director of sales"",
  ""col2"": ""2022-08-17"",
  ""col3"": ""5.0"",
  ""col4"": ""4215.131229"",
  ""col5"": ""12"",
  ""col6"": ""73.19"",
  ""col8"": ""Cullie"",
  ""col9"": ""Sammut""
}"
high_performers_df.csv,"{
  ""col1"": ""518"",
  ""col10"": ""Male"",
  ""col11"": ""1979-04-25"",
  ""col12"": ""2007-04-30"",
  ""col13"": ""1"",
  ""col14"": ""vp sales"",
  ""col2"": ""2022-08-28"",
  ""col3"": ""5.0"",
  ""col4"": ""29518.75853"",
  ""col5"": ""2"",
  ""col6"": ""52.46"",
  ""col8"": ""Irvine"",
  ""col9"": ""Bittlestone""
}"
high_performers_df.csv,"{
  ""col1"": ""593"",
  ""col10"": ""Male"",
  ""col11"": ""1990-01-25"",
  ""col12"": ""2009-05-25"",
  ""col13"": ""2"",
  ""col14"": ""staff scientist"",
  ""col2"": ""2022-08-17"",
  ""col3"": ""5.0"",
  ""col4"": ""29799.48997"",
  ""col5"": ""19"",
  ""col6"": ""78.23"",
  ""col8"": ""Brig"",
  ""col9"": ""Firpi""
}"
high_performers_df.csv,"{
  ""col1"": ""109"",
  ""col10"": ""Female"",
  ""col11"": ""1977-01-05"",
  ""col12"": ""2012-05-08"",
  ""col13"": ""6"",
  ""col14"": ""human resources assistant i"",
  ""col2"": ""2022-08-18"",
  ""col3"": ""5.0"",
  ""col4"": ""14163.84925"",
  ""col5"": ""18"",
  ""col6"": ""33.45"",
  ""col8"": ""Sara"",
  ""col9"": ""Dann""
}"
high_performers_df.csv,"{
  ""col1"": ""100"",
  ""col10"": ""Female"",
  ""col11"": ""1989-09-30"",
  ""col12"": ""2017-08-23"",
  ""col13"": ""2"",
  ""col14"": ""human resources manager"",
  ""col2"": ""2022-08-24"",
  ""col3"": ""5.0"",
  ""col4"": ""26488.44124"",
  ""col5"": ""5"",
  ""col6"": ""13.12"",
  ""col8"": ""Caye"",
  ""col9"": ""Avraam""
}"
high_performers_df.csv,"{
  ""col1"": ""164"",
  ""col10"": ""Genderfluid"",
  ""col11"": ""1981-03-02"",
  ""col12"": ""2007-07-15"",
  ""col13"": ""3"",
  ""col14"": ""account representative ii"",
  ""col2"": ""2022-08-14"",
  ""col3"": ""5.0"",
  ""col4"": ""6155.984818"",
  ""col5"": ""16"",
  ""col6"": ""59.23"",
  ""col8"": ""Dannie"",
  ""col9"": ""Ithell""
}"
high_performers_df.csv,"{
  ""col1"": ""83"",
  ""col10"": ""Male"",
  ""col11"": ""1972-10-14"",
  ""col12"": ""2013-05-21"",
  ""col13"": ""1"",
  ""col14"": ""research nurse"",
  ""col2"": ""2022-08-15"",
  ""col3"": ""5.0"",
  ""col4"": ""16168.28228"",
  ""col5"": ""2"",
  ""col6"": ""25.19"",
  ""col8"": ""Colby"",
  ""col9"": ""Piddick""
}"
high_performers_df.csv,"{
  ""col1"": ""99"",
  ""col10"": ""Male"",
  ""col11"": ""1966-04-06"",
  ""col12"": ""2013-12-26"",
  ""col13"": ""3"",
  ""col14"": ""nurse practicioner"",
  ""col2"": ""2022-08-03"",
  ""col3"": ""5.0"",
  ""col4"": ""5487.025253"",
  ""col5"": ""12"",
  ""col6"": ""20.22"",
  ""col8"": ""Augy"",
  ""col9"": ""Dorracott""
}"
high_performers_df.csv,"{
  ""col1"": ""48"",
  ""col10"": ""Male"",
  ""col11"": ""1977-05-13"",
  ""col12"": ""2005-03-20"",
  ""col13"": ""4"",
  ""col14"": ""assistant professor"",
  ""col2"": ""2022-08-08"",
  ""col3"": ""5.0"",
  ""col4"": ""24087.26693"",
  ""col5"": ""0"",
  ""col6"": ""21.61"",
  ""col8"": ""Virge"",
  ""col9"": ""Treble""
}"
high_performers_df.csv,"{
  ""col1"": ""530"",
  ""col10"": ""Bigender"",
  ""col11"": ""1973-11-16"",
  ""col12"": ""2021-04-13"",
  ""col13"": ""2"",
  ""col14"": ""environmental tech"",
  ""col2"": ""2022-08-01"",
  ""col3"": ""5.0"",
  ""col4"": ""14283.56969"",
  ""col5"": ""20"",
  ""col6"": ""4.91"",
  ""col8"": ""Heddie"",
  ""col9"": ""Kenningham""
}"
high_performers_df.csv,"{
  ""col1"": ""547"",
  ""col10"": ""Bigender"",
  ""col11"": ""1982-08-10"",
  ""col12"": ""2014-03-13"",
  ""col13"": ""1"",
  ""col14"": ""help desk technician"",
  ""col2"": ""2022-08-28"",
  ""col3"": ""5.0"",
  ""col4"": ""28526.76242"",
  ""col5"": ""16"",
  ""col6"": ""39.47"",
  ""col8"": ""Tamera"",
  ""col9"": ""Danielsson""
}"
high_performers_df.csv,"{
  ""col1"": ""136"",
  ""col10"": ""Male"",
  ""col11"": ""1961-09-27"",
  ""col12"": ""2000-05-03"",
  ""col13"": ""1"",
  ""col14"": ""recruiter"",
  ""col2"": ""2022-08-06"",
  ""col3"": ""5.0"",
  ""col4"": ""633.2325369"",
  ""col5"": ""0"",
  ""col6"": ""69.91"",
  ""col8"": ""Davie"",
  ""col9"": ""Roome""
}"
high_performers_df.csv,"{
  ""col1"": ""245"",
  ""col10"": ""Male"",
  ""col11"": ""1952-12-12"",
  ""col12"": ""2018-09-26"",
  ""col13"": ""5"",
  ""col14"": ""director of sales"",
  ""col2"": ""2022-08-11"",
  ""col3"": ""5.0"",
  ""col4"": ""21519.71041"",
  ""col5"": ""13"",
  ""col6"": ""10.8"",
  ""col8"": ""York"",
  ""col9"": ""Niccolls""
}"
high_performers_df.csv,"{
  ""col1"": ""569"",
  ""col10"": ""Male"",
  ""col11"": ""1979-02-21"",
  ""col12"": ""2002-09-06"",
  ""col13"": ""3"",
  ""col14"": ""help desk operator"",
  ""col2"": ""2022-08-22"",
  ""col3"": ""5.0"",
  ""col4"": ""13005.46559"",
  ""col5"": ""1"",
  ""col6"": ""24.98"",
  ""col8"": ""Abner"",
  ""col9"": ""Braunston""
}"
high_performers_df.csv,"{
  ""col1"": ""579"",
  ""col10"": ""Female"",
  ""col11"": ""1966-08-12"",
  ""col12"": ""2003-04-23"",
  ""col13"": ""2"",
  ""col14"": ""staff scientist"",
  ""col2"": ""2022-08-01"",
  ""col3"": ""5.0"",
  ""col4"": ""23024.6711"",
  ""col5"": ""6"",
  ""col6"": ""29.31"",
  ""col8"": ""Theressa"",
  ""col9"": ""Vonderdell""
}"
high_performers_df.csv,"{
  ""col1"": ""147"",
  ""col10"": ""Female"",
  ""col11"": ""1959-10-29"",
  ""col12"": ""2013-06-06"",
  ""col13"": ""5"",
  ""col14"": ""operator"",
  ""col2"": ""2022-08-23"",
  ""col3"": ""5.0"",
  ""col4"": ""13381.11489"",
  ""col5"": ""9"",
  ""col6"": ""19.48"",
  ""col8"": ""Claribel"",
  ""col9"": ""Donovin""
}"
high_performers_df.csv,"{
  ""col1"": ""195"",
  ""col10"": ""Female"",
  ""col11"": ""1958-12-22"",
  ""col12"": ""2009-01-02"",
  ""col13"": ""4"",
  ""col14"": ""software engineer iii"",
  ""col2"": ""2022-08-07"",
  ""col3"": ""5.0"",
  ""col4"": ""6381.002033"",
  ""col5"": ""9"",
  ""col6"": ""2.54"",
  ""col8"": ""Elmira"",
  ""col9"": ""Hammelberg""
}"
high_performers_df.csv,"{
  ""col1"": ""107"",
  ""col10"": ""Female"",
  ""col11"": ""1961-05-31"",
  ""col12"": ""2020-01-22"",
  ""col13"": ""1"",
  ""col14"": ""vp accounting"",
  ""col2"": ""2022-08-03"",
  ""col3"": ""5.0"",
  ""col4"": ""4592.804591"",
  ""col5"": ""2"",
  ""col6"": ""38.3"",
  ""col8"": ""Arabela"",
  ""col9"": ""Warlawe""
}"
high_performers_df.csv,"{
  ""col1"": ""255"",
  ""col10"": ""Female"",
  ""col11"": ""1958-07-07"",
  ""col12"": ""2009-11-09"",
  ""col13"": ""2"",
  ""col14"": ""safety technician iv"",
  ""col2"": ""2022-08-27"",
  ""col3"": ""5.0"",
  ""col4"": ""3520.923399"",
  ""col5"": ""4"",
  ""col6"": ""48.64"",
  ""col8"": ""Florette"",
  ""col9"": ""Roll""
}"
high_performers_df.csv,"{
  ""col1"": ""355"",
  ""col10"": ""Male"",
  ""col11"": ""1989-12-31"",
  ""col12"": ""2013-05-18"",
  ""col13"": ""2"",
  ""col14"": ""sales associate"",
  ""col2"": ""2022-08-24"",
  ""col3"": ""5.0"",
  ""col4"": ""2189.861189"",
  ""col5"": ""10"",
  ""col6"": ""71.62"",
  ""col8"": ""Consalve"",
  ""col9"": ""Challender""
}"
high_performers_df.csv,"{
  ""col1"": ""537"",
  ""col10"": ""Male"",
  ""col11"": ""1976-12-16"",
  ""col12"": ""2017-01-20"",
  ""col13"": ""2"",
  ""col14"": ""nurse"",
  ""col2"": ""2022-08-11"",
  ""col3"": ""5.0"",
  ""col4"": ""20021.14924"",
  ""col5"": ""7"",
  ""col6"": ""62.06"",
  ""col8"": ""Gill"",
  ""col9"": ""Rhodes""
}"
high_performers_df.csv,"{
  ""col1"": ""267"",
  ""col10"": ""Female"",
  ""col11"": ""1978-10-15"",
  ""col12"": ""2002-08-20"",
  ""col13"": ""6"",
  ""col14"": ""analog circuit design manager"",
  ""col2"": ""2022-08-20"",
  ""col3"": ""5.0"",
  ""col4"": ""19615.1651"",
  ""col5"": ""13"",
  ""col6"": ""78.02"",
  ""col8"": ""Georgetta"",
  ""col9"": ""Platts""
}"
high_performers_df.csv,"{
  ""col1"": ""184"",
  ""col10"": ""Male"",
  ""col11"": ""1964-12-08"",
  ""col12"": ""2015-01-02"",
  ""col13"": ""6"",
  ""col14"": ""design engineer"",
  ""col2"": ""2022-08-21"",
  ""col3"": ""5.0"",
  ""col4"": ""15672.24701"",
  ""col5"": ""10"",
  ""col6"": ""47.18"",
  ""col8"": ""Bronson"",
  ""col9"": ""Goadsby""
}"
high_performers_df.csv,"{
  ""col1"": ""94"",
  ""col10"": ""Male"",
  ""col11"": ""1999-09-24"",
  ""col12"": ""2002-04-15"",
  ""col13"": ""5"",
  ""col14"": ""gis technical architect"",
  ""col2"": ""2022-08-23"",
  ""col3"": ""5.0"",
  ""col4"": ""26152.58523"",
  ""col5"": ""13"",
  ""col6"": ""63.86"",
  ""col8"": ""Gregor"",
  ""col9"": ""Schoales""
}"
high_performers_df.csv,"{
  ""col1"": ""51"",
  ""col10"": ""Female"",
  ""col11"": ""1959-02-19"",
  ""col12"": ""2006-07-06"",
  ""col13"": ""5"",
  ""col14"": ""senior quality engineer"",
  ""col2"": ""2022-08-31"",
  ""col3"": ""5.0"",
  ""col4"": ""27847.8136"",
  ""col5"": ""5"",
  ""col6"": ""72.95"",
  ""col8"": ""Mirabel"",
  ""col9"": ""Thornham""
}"
high_performers_df.csv,"{
  ""col1"": ""392"",
  ""col10"": ""Male"",
  ""col11"": ""1993-09-04"",
  ""col12"": ""2010-06-25"",
  ""col13"": ""4"",
  ""col14"": ""financial analyst"",
  ""col2"": ""2022-08-24"",
  ""col3"": ""5.0"",
  ""col4"": ""20496.60614"",
  ""col5"": ""5"",
  ""col6"": ""30.4"",
  ""col8"": ""Wilhelm"",
  ""col9"": ""Eplate""
}"
high_performers_df.csv,"{
  ""col1"": ""568"",
  ""col10"": ""Female"",
  ""col11"": ""1973-01-28"",
  ""col12"": ""2018-11-13"",
  ""col13"": ""1"",
  ""col14"": ""environmental tech"",
  ""col2"": ""2022-08-02"",
  ""col3"": ""5.0"",
  ""col4"": ""11453.91162"",
  ""col5"": ""18"",
  ""col6"": ""26.95"",
  ""col8"": ""Carly"",
  ""col9"": ""Clamo""
}"
high_performers_df.csv,"{
  ""col1"": ""277"",
  ""col10"": ""Male"",
  ""col11"": ""1977-10-29"",
  ""col12"": ""2012-09-28"",
  ""col13"": ""5"",
  ""col14"": ""quality control specialist"",
  ""col2"": ""2022-08-09"",
  ""col3"": ""5.0"",
  ""col4"": ""3092.560691"",
  ""col5"": ""1"",
  ""col6"": ""1.37"",
  ""col8"": ""Tobe"",
  ""col9"": ""Huggens""
}"
high_performers_df.csv,"{
  ""col1"": ""349"",
  ""col10"": ""Male"",
  ""col11"": ""1973-02-09"",
  ""col12"": ""2001-05-06"",
  ""col13"": ""6"",
  ""col14"": ""senior sales associate"",
  ""col2"": ""2022-08-25"",
  ""col3"": ""5.0"",
  ""col4"": ""24390.27558"",
  ""col5"": ""5"",
  ""col6"": ""26.11"",
  ""col8"": ""Ronny"",
  ""col9"": ""McTrusty""
}"
high_performers_df.csv,"{
  ""col1"": ""257"",
  ""col10"": ""Female"",
  ""col11"": ""1975-05-17"",
  ""col12"": ""2007-12-30"",
  ""col13"": ""3"",
  ""col14"": ""assistant professor"",
  ""col2"": ""2022-08-13"",
  ""col3"": ""5.0"",
  ""col4"": ""10577.53178"",
  ""col5"": ""1"",
  ""col6"": ""28.35"",
  ""col8"": ""Theda"",
  ""col9"": ""Courtonne""
}"
high_performers_df.csv,"{
  ""col1"": ""347"",
  ""col10"": ""Male"",
  ""col11"": ""1980-02-03"",
  ""col12"": ""2005-02-26"",
  ""col13"": ""4"",
  ""col14"": ""developer ii"",
  ""col2"": ""2022-08-25"",
  ""col3"": ""5.0"",
  ""col4"": ""17043.38287"",
  ""col5"": ""10"",
  ""col6"": ""7.09"",
  ""col8"": ""Wye"",
  ""col9"": ""Mair""
}"
high_performers_df.csv,"{
  ""col1"": ""433"",
  ""col10"": ""Female"",
  ""col11"": ""1969-10-23"",
  ""col12"": ""2005-08-29"",
  ""col13"": ""1"",
  ""col14"": ""clinical specialist"",
  ""col2"": ""2022-08-20"",
  ""col3"": ""5.0"",
  ""col4"": ""15391.60149"",
  ""col5"": ""15"",
  ""col6"": ""8.02"",
  ""col8"": ""Lucienne"",
  ""col9"": ""Laden""
}"
high_performers_df.csv,"{
  ""col1"": ""150"",
  ""col10"": ""Male"",
  ""col11"": ""1979-02-15"",
  ""col12"": ""2005-04-12"",
  ""col13"": ""3"",
  ""col14"": ""sales associate"",
  ""col2"": ""2022-08-22"",
  ""col3"": ""5.0"",
  ""col4"": ""20893.43194"",
  ""col5"": ""20"",
  ""col6"": ""57.24"",
  ""col8"": ""Desmund"",
  ""col9"": ""Honig""
}"
high_performers_df.csv,"{
  ""col1"": ""395"",
  ""col10"": ""Male"",
  ""col11"": ""1994-03-05"",
  ""col12"": ""2011-02-27"",
  ""col13"": ""3"",
  ""col14"": ""software engineer iii"",
  ""col2"": ""2022-08-28"",
  ""col3"": ""5.0"",
  ""col4"": ""20785.39761"",
  ""col5"": ""15"",
  ""col6"": ""20.43"",
  ""col8"": ""Alvy"",
  ""col9"": ""Paige""
}"
high_performers_df.csv,"{
  ""col1"": ""425"",
  ""col10"": ""Female"",
  ""col11"": ""1999-10-03"",
  ""col12"": ""2005-06-21"",
  ""col13"": ""5"",
  ""col14"": ""budget/accounting analyst i"",
  ""col2"": ""2022-08-02"",
  ""col3"": ""5.0"",
  ""col4"": ""8502.866654"",
  ""col5"": ""10"",
  ""col6"": ""75.17"",
  ""col8"": ""Bernelle"",
  ""col9"": ""Welfair""
}"
high_performers_df.csv,"{
  ""col1"": ""572"",
  ""col10"": ""Female"",
  ""col11"": ""1984-09-10"",
  ""col12"": ""2005-07-07"",
  ""col13"": ""5"",
  ""col14"": ""director of sales"",
  ""col2"": ""2022-08-25"",
  ""col3"": ""5.0"",
  ""col4"": ""26771.77495"",
  ""col5"": ""0"",
  ""col6"": ""15.77"",
  ""col8"": ""Michelina"",
  ""col9"": ""Hadland""
}"
high_performers_df.csv,"{
  ""col1"": ""106"",
  ""col10"": ""Female"",
  ""col11"": ""1990-08-31"",
  ""col12"": ""2013-04-15"",
  ""col13"": ""1"",
  ""col14"": ""recruiting manager"",
  ""col2"": ""2022-08-22"",
  ""col3"": ""5.0"",
  ""col4"": ""20157.60812"",
  ""col5"": ""18"",
  ""col6"": ""72.83"",
  ""col8"": ""Kimberlee"",
  ""col9"": ""Maulden""
}"
high_performers_df.csv,"{
  ""col1"": ""594"",
  ""col10"": ""Female"",
  ""col11"": ""1997-08-26"",
  ""col12"": ""2001-08-17"",
  ""col13"": ""4"",
  ""col14"": ""web developer iv"",
  ""col2"": ""2022-08-22"",
  ""col3"": ""5.0"",
  ""col4"": ""11028.81341"",
  ""col5"": ""8"",
  ""col6"": ""54.12"",
  ""col8"": ""Adriana"",
  ""col9"": ""Kibard""
}"
high_performers_df.csv,"{
  ""col1"": ""261"",
  ""col10"": ""Male"",
  ""col11"": ""1979-10-30"",
  ""col12"": ""2010-07-09"",
  ""col13"": ""3"",
  ""col14"": ""financial advisor"",
  ""col2"": ""2022-08-31"",
  ""col3"": ""5.0"",
  ""col4"": ""17289.86465"",
  ""col5"": ""6"",
  ""col6"": ""27.98"",
  ""col8"": ""Emmott"",
  ""col9"": ""Fridd""
}"
high_performers_df.csv,"{
  ""col1"": ""50"",
  ""col10"": ""Female"",
  ""col11"": ""1989-12-20"",
  ""col12"": ""2008-05-13"",
  ""col13"": ""6"",
  ""col14"": ""senior editor"",
  ""col2"": ""2022-08-26"",
  ""col3"": ""5.0"",
  ""col4"": ""7925.387897"",
  ""col5"": ""20"",
  ""col6"": ""37.53"",
  ""col8"": ""Sherilyn"",
  ""col9"": ""Dibsdale""
}"
high_performers_df.csv,"{
  ""col1"": ""532"",
  ""col10"": ""Male"",
  ""col11"": ""1983-10-28"",
  ""col12"": ""2019-12-26"",
  ""col13"": ""6"",
  ""col14"": ""account executive"",
  ""col2"": ""2022-08-10"",
  ""col3"": ""5.0"",
  ""col4"": ""29698.70348"",
  ""col5"": ""18"",
  ""col6"": ""53.56"",
  ""col8"": ""Kermit"",
  ""col9"": ""Allum""
}"
high_performers_df.csv,"{
  ""col1"": ""371"",
  ""col10"": ""Female"",
  ""col11"": ""1976-09-26"",
  ""col12"": ""2012-03-24"",
  ""col13"": ""4"",
  ""col14"": ""recruiting manager"",
  ""col2"": ""2022-08-22"",
  ""col3"": ""5.0"",
  ""col4"": ""20543.73388"",
  ""col5"": ""18"",
  ""col6"": ""47.26"",
  ""col8"": ""Gwenora"",
  ""col9"": ""Kuhnke""
}"
high_performers_df.csv,"{
  ""col1"": ""557"",
  ""col10"": ""Male"",
  ""col11"": ""1965-08-13"",
  ""col12"": ""2012-12-26"",
  ""col13"": ""5"",
  ""col14"": ""legal assistant"",
  ""col2"": ""2022-08-15"",
  ""col3"": ""5.0"",
  ""col4"": ""4990.44014"",
  ""col5"": ""6"",
  ""col6"": ""14.9"",
  ""col8"": ""Christie"",
  ""col9"": ""Geeraert""
}"
high_performers_df.csv,"{
  ""col1"": ""78"",
  ""col10"": ""Male"",
  ""col11"": ""1990-09-26"",
  ""col12"": ""2017-05-20"",
  ""col13"": ""6"",
  ""col14"": ""media manager iv"",
  ""col2"": ""2022-08-22"",
  ""col3"": ""5.0"",
  ""col4"": ""8848.325529"",
  ""col5"": ""3"",
  ""col6"": ""59.6"",
  ""col8"": ""Shelden"",
  ""col9"": ""Forsard""
}"
high_performers_df.csv,"{
  ""col1"": ""362"",
  ""col10"": ""Female"",
  ""col11"": ""1991-08-28"",
  ""col12"": ""2005-04-02"",
  ""col13"": ""3"",
  ""col14"": ""environmental specialist"",
  ""col2"": ""2022-08-25"",
  ""col3"": ""5.0"",
  ""col4"": ""21716.85252"",
  ""col5"": ""18"",
  ""col6"": ""2.27"",
  ""col8"": ""Chantalle"",
  ""col9"": ""Simounet""
}"
high_performers_df.csv,"{
  ""col1"": ""71"",
  ""col10"": ""Female"",
  ""col11"": ""1978-03-10"",
  ""col12"": ""2012-02-19"",
  ""col13"": ""4"",
  ""col14"": ""financial advisor"",
  ""col2"": ""2022-08-17"",
  ""col3"": ""5.0"",
  ""col4"": ""26332.2201"",
  ""col5"": ""13"",
  ""col6"": ""6.58"",
  ""col8"": ""Steffane"",
  ""col9"": ""Fulleylove""
}"
high_performers_df.csv,"{
  ""col1"": ""478"",
  ""col10"": ""Female"",
  ""col11"": ""1996-07-08"",
  ""col12"": ""2019-06-28"",
  ""col13"": ""2"",
  ""col14"": ""analog circuit design manager"",
  ""col2"": ""2022-08-21"",
  ""col3"": ""5.0"",
  ""col4"": ""13020.46086"",
  ""col5"": ""20"",
  ""col6"": ""54.88"",
  ""col8"": ""Merline"",
  ""col9"": ""Toretta""
}"
high_performers_df.csv,"{
  ""col1"": ""519"",
  ""col10"": ""Male"",
  ""col11"": ""1966-04-01"",
  ""col12"": ""2009-01-23"",
  ""col13"": ""4"",
  ""col14"": ""senior quality engineer"",
  ""col2"": ""2022-08-24"",
  ""col3"": ""5.0"",
  ""col4"": ""18414.02877"",
  ""col5"": ""13"",
  ""col6"": ""10.29"",
  ""col8"": ""Leonid"",
  ""col9"": ""Tippings""
}"
high_performers_df.csv,"{
  ""col1"": ""398"",
  ""col10"": ""Genderfluid"",
  ""col11"": ""1951-07-17"",
  ""col12"": ""2009-01-11"",
  ""col13"": ""3"",
  ""col14"": ""general manager"",
  ""col2"": ""2022-08-02"",
  ""col3"": ""5.0"",
  ""col4"": ""11575.62652"",
  ""col5"": ""4"",
  ""col6"": ""18.8"",
  ""col8"": ""Marcella"",
  ""col9"": ""Moran""
}"
high_performers_df.csv,"{
  ""col1"": ""446"",
  ""col10"": ""Male"",
  ""col11"": ""1998-08-17"",
  ""col12"": ""2009-06-01"",
  ""col13"": ""4"",
  ""col14"": ""social worker"",
  ""col2"": ""2022-08-19"",
  ""col3"": ""5.0"",
  ""col4"": ""15127.37935"",
  ""col5"": ""15"",
  ""col6"": ""53.22"",
  ""col8"": ""Herrick"",
  ""col9"": ""Velasquez""
}"
high_performers_df.csv,"{
  ""col1"": ""312"",
  ""col10"": ""Male"",
  ""col11"": ""1960-10-25"",
  ""col12"": ""2016-03-24"",
  ""col13"": ""6"",
  ""col14"": ""structural engineer"",
  ""col2"": ""2022-08-05"",
  ""col3"": ""5.0"",
  ""col4"": ""10417.93368"",
  ""col5"": ""18"",
  ""col6"": ""42.53"",
  ""col8"": ""Xymenes"",
  ""col9"": ""Bardell""
}"
high_performers_df.csv,"{
  ""col1"": ""582"",
  ""col10"": ""Male"",
  ""col11"": ""1989-04-27"",
  ""col12"": ""2009-02-12"",
  ""col13"": ""4"",
  ""col14"": ""help desk technician"",
  ""col2"": ""2022-08-10"",
  ""col3"": ""5.0"",
  ""col4"": ""7252.164701"",
  ""col5"": ""17"",
  ""col6"": ""19.69"",
  ""col8"": ""Currey"",
  ""col9"": ""Kubatsch""
}"
high_performers_df.csv,"{
  ""col1"": ""175"",
  ""col10"": ""Male"",
  ""col11"": ""1969-02-01"",
  ""col12"": ""2007-05-22"",
  ""col13"": ""2"",
  ""col14"": ""marketing manager"",
  ""col2"": ""2022-08-20"",
  ""col3"": ""5.0"",
  ""col4"": ""2264.467325"",
  ""col5"": ""1"",
  ""col6"": ""12.01"",
  ""col8"": ""Derron"",
  ""col9"": ""Challinor""
}"
high_performers_df.csv,"{
  ""col1"": ""297"",
  ""col10"": ""Female"",
  ""col11"": ""1956-06-18"",
  ""col12"": ""2010-05-15"",
  ""col13"": ""1"",
  ""col14"": ""structural engineer"",
  ""col2"": ""2022-08-24"",
  ""col3"": ""5.0"",
  ""col4"": ""6831.128591"",
  ""col5"": ""16"",
  ""col6"": ""62.59"",
  ""col8"": ""La verne"",
  ""col9"": ""Rennolds""
}"
high_performers_df.csv,"{
  ""col1"": ""115"",
  ""col10"": ""Female"",
  ""col11"": ""1989-08-10"",
  ""col12"": ""2007-05-03"",
  ""col13"": ""1"",
  ""col14"": ""compensation analyst"",
  ""col2"": ""2022-08-08"",
  ""col3"": ""5.0"",
  ""col4"": ""22723.05579"",
  ""col5"": ""1"",
  ""col6"": ""43.69"",
  ""col8"": ""Tiffanie"",
  ""col9"": ""Dicey""
}"
high_performers_df.csv,"{
  ""col1"": ""318"",
  ""col10"": ""Female"",
  ""col11"": ""1965-04-30"",
  ""col12"": ""2010-11-30"",
  ""col13"": ""4"",
  ""col14"": ""office assistant iii"",
  ""col2"": ""2022-08-04"",
  ""col3"": ""5.0"",
  ""col4"": ""15984.94351"",
  ""col5"": ""20"",
  ""col6"": ""25.9"",
  ""col8"": ""Nicholle"",
  ""col9"": ""Dibbert""
}"
high_performers_df.csv,"{
  ""col1"": ""110"",
  ""col10"": ""Male"",
  ""col11"": ""1981-08-21"",
  ""col12"": ""2008-09-29"",
  ""col13"": ""2"",
  ""col14"": ""automation specialist iii"",
  ""col2"": ""2022-08-24"",
  ""col3"": ""5.0"",
  ""col4"": ""15112.57192"",
  ""col5"": ""19"",
  ""col6"": ""28.81"",
  ""col8"": ""Tripp"",
  ""col9"": ""Dacca""
}"
high_performers_df.csv,"{
  ""col1"": ""397"",
  ""col10"": ""Female"",
  ""col11"": ""1969-06-02"",
  ""col12"": ""2005-03-31"",
  ""col13"": ""4"",
  ""col14"": ""senior quality engineer"",
  ""col2"": ""2022-08-04"",
  ""col3"": ""5.0"",
  ""col4"": ""8189.216976"",
  ""col5"": ""18"",
  ""col6"": ""78.96"",
  ""col8"": ""Sadella"",
  ""col9"": ""Housen""
}"
high_performers_df.csv,"{
  ""col1"": ""646"",
  ""col10"": ""Female"",
  ""col11"": ""1953-01-09"",
  ""col12"": ""2007-11-05"",
  ""col13"": ""2"",
  ""col14"": ""account executive"",
  ""col2"": ""2022-08-06"",
  ""col3"": ""5.0"",
  ""col4"": ""5250.202507"",
  ""col5"": ""17"",
  ""col6"": ""79.44"",
  ""col8"": ""Faythe"",
  ""col9"": ""Le Lievre""
}"
high_performers_df.csv,"{
  ""col1"": ""30"",
  ""col10"": ""Male"",
  ""col11"": ""1993-01-26"",
  ""col12"": ""2007-08-02"",
  ""col13"": ""2"",
  ""col14"": ""payment adjustment coordinator"",
  ""col2"": ""2022-08-05"",
  ""col3"": ""5.0"",
  ""col4"": ""25429.77154"",
  ""col5"": ""18"",
  ""col6"": ""24.23"",
  ""col8"": ""Andonis"",
  ""col9"": ""York""
}"
high_performers_df.csv,"{
  ""col1"": ""443"",
  ""col10"": ""Male"",
  ""col11"": ""1997-12-02"",
  ""col12"": ""2006-05-29"",
  ""col13"": ""2"",
  ""col14"": ""data coordinator"",
  ""col2"": ""2022-08-29"",
  ""col3"": ""5.0"",
  ""col4"": ""19920.15969"",
  ""col5"": ""16"",
  ""col6"": ""43.49"",
  ""col8"": ""Rory"",
  ""col9"": ""Pigeon""
}"
high_performers_df.csv,"{
  ""col1"": ""144"",
  ""col10"": ""Female"",
  ""col11"": ""1994-08-02"",
  ""col12"": ""2001-08-15"",
  ""col13"": ""4"",
  ""col14"": ""help desk operator"",
  ""col2"": ""2022-08-26"",
  ""col3"": ""5.0"",
  ""col4"": ""9355.794299"",
  ""col5"": ""12"",
  ""col6"": ""30.83"",
  ""col8"": ""Cicely"",
  ""col9"": ""Rodmell""
}"
high_performers_df.csv,"{
  ""col1"": ""331"",
  ""col10"": ""Female"",
  ""col11"": ""1979-11-21"",
  ""col12"": ""2004-11-05"",
  ""col13"": ""1"",
  ""col14"": ""information systems manager"",
  ""col2"": ""2022-08-06"",
  ""col3"": ""5.0"",
  ""col4"": ""17701.084"",
  ""col5"": ""10"",
  ""col6"": ""56.11"",
  ""col8"": ""Tamiko"",
  ""col9"": ""Nisco""
}"
high_performers_df.csv,"{
  ""col1"": ""320"",
  ""col10"": ""Female"",
  ""col11"": ""1986-10-13"",
  ""col12"": ""2009-12-22"",
  ""col13"": ""3"",
  ""col14"": ""biostatistician iii"",
  ""col2"": ""2022-08-08"",
  ""col3"": ""5.0"",
  ""col4"": ""18124.85779"",
  ""col5"": ""0"",
  ""col6"": ""74.03"",
  ""col8"": ""Gretna"",
  ""col9"": ""Sells""
}"
total_sales_by_department.csv,"{
  ""col1"": ""6"",
  ""col2"": ""1509874.4318975005""
}"
total_sales_by_department.csv,"{
  ""col1"": ""5"",
  ""col2"": ""1515669.1717201003""
}"
total_sales_by_department.csv,"{
  ""col1"": ""1"",
  ""col2"": ""1850001.9269207001""
}"
total_sales_by_department.csv,"{
  ""col1"": ""3"",
  ""col2"": ""1775854.3341429997""
}"
total_sales_by_department.csv,"{
  ""col1"": ""2"",
  ""col2"": ""1701522.9385631003""
}"
total_sales_by_department.csv,"{
  ""col1"": ""4"",
  ""col2"": ""1729480.5375370998""
}"
